batch_id,order_id,material_id,batch_size,uom,route,actual_start,actual_end,cycle_time_hr,yield_qty,yield_pct,status,deviations_count,rework_flag,primary_equipment_id
B2025-00001,PO2025-0001,FG-MAB1-FILL,23345,vial,Upstreamâ†’Downstreamâ†’Fill,2025-01-06 00:00:00,2025-01-06 22:14:00,22.23,22978,98.43,Quarantined,0,False,VIAL-1
B2025-00002,PO2025-0001,FG-MAB1-FILL,25049,vial,Upstreamâ†’Downstreamâ†’Fill,2025-01-06 07:00:00,2025-01-07 08:35:00,25.58,24619,98.29,Released,0,False,VIAL-2
B2025-00003,PO2025-0001,FG-MAB1-FILL,26952,vial,Upstreamâ†’Downstreamâ†’Fill,2025-01-07 05:00:00,2025-01-07 20:41:00,15.68,27186,100.87,Released,0,False,VIAL-1
B2025-00004,PO2025-0002,FG-VA01,18562,vial,Upstreamâ†’Downstreamâ†’Fill,2025-01-11 04:00:00,2025-01-12 02:22:00,22.37,18049,97.24,Released,0,False,VIAL-2
B2025-00005,PO2025-0002,FG-VA01,20445,vial,Upstreamâ†’Downstreamâ†’Fill,2025-01-18 20:00:00,2025-01-19 14:50:00,18.83,19757,96.64,Rejected,0,False,VIAL-1
B2025-00006,PO2025-0002,FG-VA01,21138,vial,Upstreamâ†’Downstreamâ†’Fill,2025-01-19 01:00:00,2025-01-19 23:16:00,22.27,20663,97.75,Quarantined,0,True,VIAL-2
B2025-00007,PO2025-0003,FG-VA01,21845,vial,Upstreamâ†’Downstreamâ†’Fill,2025-01-10 08:00:00,2025-01-11 06:30:00,22.5,20738,94.93,Released,0,False,VIAL-1
B2025-00008,PO2025-0003,FG-VA01,19568,vial,Upstreamâ†’Downstreamâ†’Fill,2025-01-17 02:00:00,2025-01-17 23:43:00,21.72,19071,97.46,Released,0,False,VIAL-2
B2025-00009,PO2025-0004,FG-SMALLM,516124,tablet,Blendâ†’Compressâ†’Coatâ†’Pack,2025-01-17 17:00:00,2025-01-18 02:23:00,9.38,488284,94.61,Released,0,False,TAB-1
B2025-00010,PO2025-0004,FG-SMALLM,460570,tablet,Blendâ†’Compressâ†’Coatâ†’Pack,2025-01-19 08:00:00,2025-01-19 18:25:00,10.42,448211,97.32,Quarantined,0,False,TAB-1
B2025-00011,PO2025-0004,FG-SMALLM,408687,tablet,Blendâ†’Compressâ†’Coatâ†’Pack,2025-01-19 13:00:00,2025-01-20 01:10:00,12.17,402145,98.4,Quarantined,0,False,COAT-1
B2025-00012,PO2025-0004,FG-SMALLM,488997,tablet,Blendâ†’Compressâ†’Coatâ†’Pack,2025-01-23 02:00:00,2025-01-23 11:31:00,9.52,482943,98.76,Released,1,False,COAT-1
B2025-00013,PO2025-0004,FG-SMALLM,460482,tablet,Blendâ†’Compressâ†’Coatâ†’Pack,2025-01-25 21:00:00,2025-01-26 05:50:00,8.83,440300,95.62,Released,0,False,COAT-1
B2025-00014,PO2025-0005,FG-MAB1,915,L,Upstreamâ†’Downstream,2025-01-13 05:00:00,2025-01-14 02:59:00,21.98,886,96.94,Released,0,False,F-301
B2025-00015,PO2025-0005,FG-MAB1,931,L,Upstreamâ†’Downstream,2025-01-13 21:00:00,2025-01-14 14:27:00,17.45,907,97.5,Released,0,False,F-301
B2025-00016,PO2025-0005,FG-MAB1,971,L,Upstreamâ†’Downstream,2025-01-15 18:00:00,2025-01-16 12:36:00,18.6,935,96.3,Quarantined,0,False,C-201
B2025-00017,PO2025-0005,FG-MAB1,933,L,Upstreamâ†’Downstream,2025-01-17 18:00:00,2025-01-18 11:58:00,17.97,905,97.05,Rejected,0,False,C-201
B2025-00018,PO2025-0006,FG-VA01,21492,vial,Upstreamâ†’Downstreamâ†’Fill,2025-01-22 16:00:00,2025-01-23 10:38:00,18.63,20920,97.34,Released,0,False,VIAL-1
B2025-00019,PO2025-0006,FG-VA01,17341,vial,Upstreamâ†’Downstreamâ†’Fill,2025-01-23 13:00:00,2025-01-24 09:09:00,20.15,16918,97.56,Released,0,False,VIAL-1
B2025-00020,PO2025-0006,FG-VA01,17167,vial,Upstreamâ†’Downstreamâ†’Fill,2025-01-26 17:00:00,2025-01-27 15:20:00,22.33,16373,95.38,Released,0,False,VIAL-2
B2025-00021,PO2025-0006,FG-VA01,19307,vial,Upstreamâ†’Downstreamâ†’Fill,2025-01-29 00:00:00,2025-01-29 20:05:00,20.08,19053,98.69,Quarantined,0,False,VIAL-1
B2025-00022,PO2025-0007,FG-VA01,21682,vial,Upstreamâ†’Downstreamâ†’Fill,2025-01-24 15:00:00,2025-01-25 09:50:00,18.83,20887,96.34,Released,0,False,VIAL-2
B2025-00023,PO2025-0007,FG-VA01,21830,vial,Upstreamâ†’Downstreamâ†’Fill,2025-01-26 13:00:00,2025-01-27 09:01:00,20.02,21207,97.15,Released,0,False,VIAL-1
B2025-00024,PO2025-0007,FG-VA01,22415,vial,Upstreamâ†’Downstreamâ†’Fill,2025-01-30 22:00:00,2025-01-31 21:54:00,23.9,22350,99.71,Released,0,False,VIAL-2
B2025-00025,PO2025-0007,FG-VA01,22169,vial,Upstreamâ†’Downstreamâ†’Fill,2025-02-02 09:00:00,2025-02-03 03:57:00,18.95,20967,94.58,Released,0,False,VIAL-2
B2025-00026,PO2025-0008,FG-SMALLM,507221,tablet,Blendâ†’Compressâ†’Coatâ†’Pack,2025-01-27 18:00:00,2025-01-28 08:25:00,14.42,478210,94.28,Released,0,False,COAT-1
B2025-00027,PO2025-0008,FG-SMALLM,518858,tablet,Blendâ†’Compressâ†’Coatâ†’Pack,2025-01-29 06:00:00,2025-01-29 16:57:00,10.95,507711,97.85,Rejected,2,False,TAB-1
B2025-00028,PO2025-0008,FG-SMALLM,600000,tablet,Blendâ†’Compressâ†’Coatâ†’Pack,2025-01-29 23:00:00,2025-01-30 08:19:00,9.32,571949,95.32,Quarantined,0,True,COAT-1
B2025-00029,PO2025-0008,FG-SMALLM,433805,tablet,Blendâ†’Compressâ†’Coatâ†’Pack,2025-01-30 01:00:00,2025-01-30 11:00:00,10.0,415499,95.78,Released,0,False,TAB-1
B2025-00030,PO2025-0008,FG-SMALLM,499733,tablet,Blendâ†’Compressâ†’Coatâ†’Pack,2025-01-30 07:00:00,2025-01-30 17:22:00,10.37,477236,95.5,Released,0,False,COAT-1
B2025-00031,PO2025-0009,FG-VA02,16406,syringe,Upstreamâ†’Downstreamâ†’Fill,2025-01-26 20:00:00,2025-01-27 16:25:00,20.42,16252,99.07,Released,0,False,VIAL-2
B2025-00032,PO2025-0009,FG-VA02,21600,syringe,Upstreamâ†’Downstreamâ†’Fill,2025-01-26 21:00:00,2025-01-27 14:46:00,17.77,20894,96.74,Released,0,False,VIAL-2
B2025-00033,PO2025-0009,FG-VA02,16879,syringe,Upstreamâ†’Downstreamâ†’Fill,2025-01-29 12:00:00,2025-01-30 05:37:00,17.62,16375,97.02,Released,0,False,VIAL-1
B2025-00034,PO2025-0010,FG-VA02,18142,syringe,Upstreamâ†’Downstreamâ†’Fill,2025-01-27 09:00:00,2025-01-28 03:40:00,18.67,17351,95.65,Released,0,False,VIAL-2
B2025-00035,PO2025-0010,FG-VA02,19669,syringe,Upstreamâ†’Downstreamâ†’Fill,2025-01-30 16:00:00,2025-01-31 14:29:00,22.48,18575,94.44,Released,0,False,VIAL-2
B2025-00036,PO2025-0010,FG-VA02,19795,syringe,Upstreamâ†’Downstreamâ†’Fill,2025-02-01 11:00:00,2025-02-02 06:50:00,19.83,19378,97.9,Released,0,False,VIAL-2
B2025-00037,PO2025-0010,FG-VA02,15537,syringe,Upstreamâ†’Downstreamâ†’Fill,2025-02-02 04:00:00,2025-02-03 01:04:00,21.07,15117,97.3,Rejected,0,False,VIAL-1
B2025-00038,PO2025-0011,FG-VA02,20333,syringe,Upstreamâ†’Downstreamâ†’Fill,2025-02-07 09:00:00,2025-02-08 03:50:00,18.83,19986,98.3,Released,0,False,VIAL-1
B2025-00039,PO2025-0011,FG-VA02,16954,syringe,Upstreamâ†’Downstreamâ†’Fill,2025-02-11 08:00:00,2025-02-12 03:44:00,19.73,15978,94.25,Released,0,False,VIAL-2
B2025-00040,PO2025-0012,FG-MAB1-FILL,25190,vial,Upstreamâ†’Downstreamâ†’Fill,2025-02-03 19:00:00,2025-02-04 15:51:00,20.85,24046,95.46,Released,0,False,VIAL-2
B2025-00041,PO2025-0012,FG-MAB1-FILL,28541,vial,Upstreamâ†’Downstreamâ†’Fill,2025-02-06 19:00:00,2025-02-07 15:33:00,20.55,28041,98.25,Released,1,False,VIAL-1
B2025-00042,PO2025-0012,FG-MAB1-FILL,24851,vial,Upstreamâ†’Downstreamâ†’Fill,2025-02-10 09:00:00,2025-02-11 06:32:00,21.53,23596,94.95,Released,0,False,VIAL-1
B2025-00043,PO2025-0013,FG-MAB1-FILL,26265,vial,Upstreamâ†’Downstreamâ†’Fill,2025-02-08 04:00:00,2025-02-08 23:02:00,19.03,25983,98.93,Rejected,1,False,VIAL-2
B2025-00044,PO2025-0013,FG-MAB1-FILL,22189,vial,Upstreamâ†’Downstreamâ†’Fill,2025-02-10 05:00:00,2025-02-10 23:00:00,18.0,22091,99.56,Released,1,False,VIAL-2
B2025-00045,PO2025-0014,FG-VA01,17623,vial,Upstreamâ†’Downstreamâ†’Fill,2025-02-08 21:00:00,2025-02-09 19:20:00,22.33,17365,98.54,Released,0,False,VIAL-2
B2025-00046,PO2025-0014,FG-VA01,19327,vial,Upstreamâ†’Downstreamâ†’Fill,2025-02-12 21:00:00,2025-02-13 16:42:00,19.7,18323,94.81,Released,1,False,VIAL-2
B2025-00047,PO2025-0015,FG-MAB1-FILL,26365,vial,Upstreamâ†’Downstreamâ†’Fill,2025-02-14 19:00:00,2025-02-15 17:44:00,22.73,26079,98.92,Quarantined,0,True,VIAL-2
B2025-00048,PO2025-0015,FG-MAB1-FILL,26110,vial,Upstreamâ†’Downstreamâ†’Fill,2025-02-15 21:00:00,2025-02-16 14:28:00,17.47,25590,98.01,Released,0,False,VIAL-2
B2025-00049,PO2025-0015,FG-MAB1-FILL,26265,vial,Upstreamâ†’Downstreamâ†’Fill,2025-02-17 15:00:00,2025-02-18 14:28:00,23.47,26230,99.87,Quarantined,0,False,VIAL-1
B2025-00050,PO2025-0015,FG-MAB1-FILL,21502,vial,Upstreamâ†’Downstreamâ†’Fill,2025-02-24 11:00:00,2025-02-25 08:37:00,21.62,21272,98.93,Released,0,False,VIAL-2
B2025-00051,PO2025-0016,FG-MAB1-FILL,27376,vial,Upstreamâ†’Downstreamâ†’Fill,2025-02-11 22:00:00,2025-02-12 19:41:00,21.68,26771,97.79,Released,1,False,VIAL-1
B2025-00052,PO2025-0016,FG-MAB1-FILL,26640,vial,Upstreamâ†’Downstreamâ†’Fill,2025-02-16 06:00:00,2025-02-17 05:35:00,23.58,25782,96.78,Released,0,False,VIAL-2
B2025-00053,PO2025-0016,FG-MAB1-FILL,25989,vial,Upstreamâ†’Downstreamâ†’Fill,2025-02-17 08:00:00,2025-02-18 04:11:00,20.18,26091,100.4,Released,0,False,VIAL-1
B2025-00054,PO2025-0016,FG-MAB1-FILL,25498,vial,Upstreamâ†’Downstreamâ†’Fill,2025-02-18 14:00:00,2025-02-19 10:45:00,20.75,24815,97.32,Released,0,False,VIAL-1
B2025-00055,PO2025-0016,FG-MAB1-FILL,25349,vial,Upstreamâ†’Downstreamâ†’Fill,2025-02-18 19:00:00,2025-02-19 14:32:00,19.53,25534,100.73,Released,1,False,VIAL-1
B2025-00056,PO2025-0017,FG-VA02,16228,syringe,Upstreamâ†’Downstreamâ†’Fill,2025-02-20 05:00:00,2025-02-21 03:32:00,22.53,16077,99.07,Released,0,False,VIAL-2
B2025-00057,PO2025-0017,FG-VA02,16459,syringe,Upstreamâ†’Downstreamâ†’Fill,2025-02-21 00:00:00,2025-02-21 20:01:00,20.02,15882,96.5,Released,1,False,VIAL-2
B2025-00058,PO2025-0017,FG-VA02,18493,syringe,Upstreamâ†’Downstreamâ†’Fill,2025-02-22 07:00:00,2025-02-23 09:27:00,26.45,17564,94.98,Rejected,0,False,VIAL-1
B2025-00059,PO2025-0017,FG-VA02,17928,syringe,Upstreamâ†’Downstreamâ†’Fill,2025-02-24 10:00:00,2025-02-25 07:26:00,21.43,17260,96.28,Released,0,False,VIAL-1
B2025-00060,PO2025-0018,FG-VA01,19276,vial,Upstreamâ†’Downstreamâ†’Fill,2025-02-18 10:00:00,2025-02-19 06:45:00,20.75,19626,101.82,Released,0,False,VIAL-1
B2025-00061,PO2025-0018,FG-VA01,19963,vial,Upstreamâ†’Downstreamâ†’Fill,2025-02-24 02:00:00,2025-02-24 20:25:00,18.42,19425,97.31,Released,0,False,VIAL-2
B2025-00062,PO2025-0018,FG-VA01,19086,vial,Upstreamâ†’Downstreamâ†’Fill,2025-02-26 04:00:00,2025-02-27 06:04:00,26.07,18444,96.64,Released,0,False,VIAL-1
B2025-00063,PO2025-0019,FG-SMALLM,543560,tablet,Blendâ†’Compressâ†’Coatâ†’Pack,2025-02-18 13:00:00,2025-02-19 03:02:00,14.03,540703,99.47,Released,0,False,TAB-1
B2025-00064,PO2025-0019,FG-SMALLM,473943,tablet,Blendâ†’Compressâ†’Coatâ†’Pack,2025-02-19 14:00:00,2025-02-19 23:45:00,9.75,487021,102.76,Released,0,False,TAB-1
B2025-00065,PO2025-0019,FG-SMALLM,496134,tablet,Blendâ†’Compressâ†’Coatâ†’Pack,2025-02-20 13:00:00,2025-02-21 00:41:00,11.68,473781,95.49,Released,0,False,TAB-1
B2025-00066,PO2025-0020,FG-SMALLM,480672,tablet,Blendâ†’Compressâ†’Coatâ†’Pack,2025-02-28 18:00:00,2025-03-01 05:21:00,11.35,468722,97.51,Released,1,False,TAB-1
B2025-00067,PO2025-0020,FG-SMALLM,571233,tablet,Blendâ†’Compressâ†’Coatâ†’Pack,2025-03-02 17:00:00,2025-03-03 02:29:00,9.48,545538,95.5,Released,0,False,TAB-1
B2025-00068,PO2025-0020,FG-SMALLM,516065,tablet,Blendâ†’Compressâ†’Coatâ†’Pack,2025-03-05 21:00:00,2025-03-06 06:46:00,9.77,506679,98.18,Released,0,False,TAB-1
B2025-00069,PO2025-0021,FG-MAB1-FILL,20000,vial,Upstreamâ†’Downstreamâ†’Fill,2025-03-02 03:00:00,2025-03-03 01:24:00,22.4,19194,95.97,Released,1,False,VIAL-2
B2025-00070,PO2025-0021,FG-MAB1-FILL,25153,vial,Upstreamâ†’Downstreamâ†’Fill,2025-03-02 17:00:00,2025-03-03 14:35:00,21.58,24712,98.25,Released,0,False,VIAL-1
B2025-00071,PO2025-0022,FG-MAB1-FILL,27445,vial,Upstreamâ†’Downstreamâ†’Fill,2025-03-04 04:00:00,2025-03-05 01:16:00,21.27,26788,97.61,Released,1,False,VIAL-2
B2025-00072,PO2025-0022,FG-MAB1-FILL,24738,vial,Upstreamâ†’Downstreamâ†’Fill,2025-03-05 00:00:00,2025-03-05 18:04:00,18.07,24405,98.66,Released,0,False,VIAL-1
B2025-00073,PO2025-0022,FG-MAB1-FILL,20000,vial,Upstreamâ†’Downstreamâ†’Fill,2025-03-05 10:00:00,2025-03-06 06:16:00,20.27,19589,97.95,Released,0,False,VIAL-2
B2025-00074,PO2025-0023,FG-MAB1,997,L,Upstreamâ†’Downstream,2025-03-06 08:00:00,2025-03-07 04:57:00,20.95,970,97.29,Released,0,False,F-301
B2025-00075,PO2025-0023,FG-MAB1,908,L,Upstreamâ†’Downstream,2025-03-06 21:00:00,2025-03-07 23:07:00,26.12,883,97.28,Released,0,False,F-301
B2025-00076,PO2025-0023,FG-MAB1,1083,L,Upstreamâ†’Downstream,2025-03-09 15:00:00,2025-03-10 11:56:00,20.93,1036,95.7,Quarantined,0,False,C-201
B2025-00077,PO2025-0023,FG-MAB1,884,L,Upstreamâ†’Downstream,2025-03-09 21:00:00,2025-03-10 15:39:00,18.65,842,95.3,Released,0,False,F-301
B2025-00078,PO2025-0024,FG-MAB1-FILL,20501,vial,Upstreamâ†’Downstreamâ†’Fill,2025-03-06 12:00:00,2025-03-07 05:49:00,17.82,20157,98.33,Released,0,False,VIAL-2
B2025-00079,PO2025-0024,FG-MAB1-FILL,29879,vial,Upstreamâ†’Downstreamâ†’Fill,2025-03-06 16:00:00,2025-03-07 15:27:00,23.45,28558,95.58,Released,0,False,VIAL-2
B2025-00080,PO2025-0024,FG-MAB1-FILL,26941,vial,Upstreamâ†’Downstreamâ†’Fill,2025-03-07 02:00:00,2025-03-07 21:52:00,19.87,26410,98.03,Released,0,False,VIAL-1
B2025-00081,PO2025-0024,FG-MAB1-FILL,23063,vial,Upstreamâ†’Downstreamâ†’Fill,2025-03-09 21:00:00,2025-03-10 17:38:00,20.63,22264,96.54,Released,1,False,VIAL-1
B2025-00082,PO2025-0024,FG-MAB1-FILL,25097,vial,Upstreamâ†’Downstreamâ†’Fill,2025-03-09 22:00:00,2025-03-10 14:01:00,16.02,24450,97.42,Released,0,False,VIAL-2
B2025-00083,PO2025-0025,FG-MAB1-FILL,23879,vial,Upstreamâ†’Downstreamâ†’Fill,2025-03-13 16:00:00,2025-03-14 15:28:00,23.47,23720,99.34,Released,0,False,VIAL-2
B2025-00084,PO2025-0025,FG-MAB1-FILL,25087,vial,Upstreamâ†’Downstreamâ†’Fill,2025-03-17 06:00:00,2025-03-18 06:36:00,24.6,24630,98.18,Rejected,0,False,VIAL-1
B2025-00085,PO2025-0026,FG-MAB1,938,L,Upstreamâ†’Downstream,2025-03-20 18:00:00,2025-03-21 20:06:00,26.1,909,97.01,Released,0,False,F-301
B2025-00086,PO2025-0026,FG-MAB1,1002,L,Upstreamâ†’Downstream,2025-03-23 15:00:00,2025-03-24 10:25:00,19.42,996,99.41,Released,0,False,F-301
B2025-00087,PO2025-0026,FG-MAB1,1155,L,Upstreamâ†’Downstream,2025-03-25 18:00:00,2025-03-26 13:00:00,19.0,1115,96.6,Released,0,False,F-301
B2025-00088,PO2025-0027,FG-SMALLM,470578,tablet,Blendâ†’Compressâ†’Coatâ†’Pack,2025-03-10 01:00:00,2025-03-10 13:45:00,12.75,452323,96.12,Released,1,False,TAB-1
B2025-00089,PO2025-0027,FG-SMALLM,531203,tablet,Blendâ†’Compressâ†’Coatâ†’Pack,2025-03-15 09:00:00,2025-03-15 21:00:00,12.0,516916,97.31,Released,0,False,COAT-1
B2025-00090,PO2025-0028,FG-MAB1,914,L,Upstreamâ†’Downstream,2025-03-21 10:00:00,2025-03-22 02:45:00,16.75,891,97.5,Released,1,False,C-201
B2025-00091,PO2025-0028,FG-MAB1,1199,L,Upstreamâ†’Downstream,2025-03-24 15:00:00,2025-03-25 11:29:00,20.48,1186,98.96,Released,0,False,C-201
B2025-00092,PO2025-0028,FG-MAB1,1042,L,Upstreamâ†’Downstream,2025-03-24 20:00:00,2025-03-25 16:12:00,20.2,997,95.71,Released,0,False,C-201
B2025-00093,PO2025-0029,FG-MAB1-FILL,26059,vial,Upstreamâ†’Downstreamâ†’Fill,2025-03-19 20:00:00,2025-03-20 16:01:00,20.02,25653,98.44,Released,0,False,VIAL-2
B2025-00094,PO2025-0029,FG-MAB1-FILL,23121,vial,Upstreamâ†’Downstreamâ†’Fill,2025-03-20 10:00:00,2025-03-21 11:55:00,25.92,22484,97.25,Released,0,False,VIAL-1
B2025-00095,PO2025-0029,FG-MAB1-FILL,24178,vial,Upstreamâ†’Downstreamâ†’Fill,2025-03-20 17:00:00,2025-03-21 12:55:00,19.92,24058,99.51,Released,0,False,VIAL-1
B2025-00096,PO2025-0029,FG-MAB1-FILL,20000,vial,Upstreamâ†’Downstreamâ†’Fill,2025-03-29 10:00:00,2025-03-30 06:07:00,20.12,19396,96.98,Released,0,False,VIAL-1
B2025-00097,PO2025-0030,FG-MAB1,986,L,Upstreamâ†’Downstream,2025-03-20 09:00:00,2025-03-21 08:05:00,23.08,953,96.71,Released,1,False,C-201
B2025-00098,PO2025-0030,FG-MAB1,904,L,Upstreamâ†’Downstream,2025-03-21 04:00:00,2025-03-21 20:35:00,16.58,873,96.67,Released,0,False,C-201
B2025-00099,PO2025-0030,FG-MAB1,1083,L,Upstreamâ†’Downstream,2025-03-21 06:00:00,2025-03-22 05:10:00,23.17,1073,99.13,Released,0,False,C-201
B2025-00100,PO2025-0030,FG-MAB1,904,L,Upstreamâ†’Downstream,2025-03-21 07:00:00,2025-03-22 04:57:00,21.95,874,96.72,Released,0,False,F-301
B2025-00101,PO2025-0030,FG-MAB1,922,L,Upstreamâ†’Downstream,2025-03-22 15:00:00,2025-03-23 11:24:00,20.4,923,100.14,Released,0,False,F-301
B2025-00102,PO2025-0031,FG-MAB1-FILL,26214,vial,Upstreamâ†’Downstreamâ†’Fill,2025-03-29 06:00:00,2025-03-30 03:42:00,21.7,25296,96.5,Released,1,False,VIAL-2
B2025-00103,PO2025-0031,FG-MAB1-FILL,26855,vial,Upstreamâ†’Downstreamâ†’Fill,2025-03-30 01:00:00,2025-03-30 21:47:00,20.78,25418,94.65,Quarantined,0,True,VIAL-1
B2025-00104,PO2025-0031,FG-MAB1-FILL,24557,vial,Upstreamâ†’Downstreamâ†’Fill,2025-03-31 16:00:00,2025-04-01 12:46:00,20.77,24298,98.95,Released,0,False,VIAL-2
B2025-00105,PO2025-0031,FG-MAB1-FILL,24719,vial,Upstreamâ†’Downstreamâ†’Fill,2025-04-01 04:00:00,2025-04-01 20:44:00,16.73,24318,98.38,Released,1,False,VIAL-2
B2025-00106,PO2025-0031,FG-MAB1-FILL,29600,vial,Upstreamâ†’Downstreamâ†’Fill,2025-04-01 13:00:00,2025-04-02 11:35:00,22.58,28685,96.91,Released,0,False,VIAL-2
B2025-00107,PO2025-0032,FG-MAB1-FILL,22551,vial,Upstreamâ†’Downstreamâ†’Fill,2025-04-04 00:00:00,2025-04-04 21:46:00,21.77,22965,101.84,Released,0,False,VIAL-2
B2025-00108,PO2025-0032,FG-MAB1-FILL,25555,vial,Upstreamâ†’Downstreamâ†’Fill,2025-04-07 14:00:00,2025-04-08 03:59:00,13.98,25351,99.2,Released,0,False,VIAL-2
B2025-00109,PO2025-0032,FG-MAB1-FILL,26865,vial,Upstreamâ†’Downstreamâ†’Fill,2025-04-08 00:00:00,2025-04-08 22:31:00,22.52,26706,99.41,Released,0,False,VIAL-2
B2025-00110,PO2025-0032,FG-MAB1-FILL,28722,vial,Upstreamâ†’Downstreamâ†’Fill,2025-04-10 22:00:00,2025-04-11 22:48:00,24.8,28601,99.58,Released,0,False,VIAL-1
B2025-00111,PO2025-0033,FG-MAB1,963,L,Upstreamâ†’Downstream,2025-04-02 21:00:00,2025-04-03 18:45:00,21.75,936,97.3,Released,0,False,F-301
B2025-00112,PO2025-0033,FG-MAB1,1015,L,Upstreamâ†’Downstream,2025-04-09 13:00:00,2025-04-10 11:43:00,22.72,1015,100.08,Released,0,False,F-301
B2025-00113,PO2025-0033,FG-MAB1,1123,L,Upstreamâ†’Downstream,2025-04-10 02:00:00,2025-04-10 23:19:00,21.32,1081,96.27,Released,0,False,C-201
B2025-00114,PO2025-0034,FG-MAB1-FILL,24615,vial,Upstreamâ†’Downstreamâ†’Fill,2025-04-02 01:00:00,2025-04-02 22:08:00,21.13,23468,95.34,Released,0,False,VIAL-2
B2025-00115,PO2025-0034,FG-MAB1-FILL,25937,vial,Upstreamâ†’Downstreamâ†’Fill,2025-04-05 17:00:00,2025-04-06 11:31:00,18.52,25063,96.63,Released,0,False,VIAL-1
B2025-00116,PO2025-0034,FG-MAB1-FILL,24392,vial,Upstreamâ†’Downstreamâ†’Fill,2025-04-11 10:00:00,2025-04-12 03:59:00,17.98,23438,96.09,Released,1,False,VIAL-1
B2025-00117,PO2025-0035,FG-MAB1-FILL,26031,vial,Upstreamâ†’Downstreamâ†’Fill,2025-04-07 20:00:00,2025-04-08 14:09:00,18.15,25251,97.0,Released,0,False,VIAL-2
B2025-00118,PO2025-0035,FG-MAB1-FILL,23530,vial,Upstreamâ†’Downstreamâ†’Fill,2025-04-10 09:00:00,2025-04-11 05:04:00,20.07,23162,98.44,Quarantined,0,False,VIAL-2
B2025-00119,PO2025-0035,FG-MAB1-FILL,28623,vial,Upstreamâ†’Downstreamâ†’Fill,2025-04-12 01:00:00,2025-04-12 20:07:00,19.12,28898,100.96,Released,0,False,VIAL-1
B2025-00120,PO2025-0035,FG-MAB1-FILL,24634,vial,Upstreamâ†’Downstreamâ†’Fill,2025-04-17 10:00:00,2025-04-18 05:18:00,19.3,23925,97.12,Released,0,False,VIAL-2
B2025-00121,PO2025-0036,FG-SMALLM,520456,tablet,Blendâ†’Compressâ†’Coatâ†’Pack,2025-04-22 05:00:00,2025-04-22 17:53:00,12.88,497343,95.56,Rejected,0,False,COAT-1
B2025-00122,PO2025-0036,FG-SMALLM,504530,tablet,Blendâ†’Compressâ†’Coatâ†’Pack,2025-04-23 01:00:00,2025-04-23 14:25:00,13.42,493789,97.87,Released,0,False,TAB-1
B2025-00123,PO2025-0036,FG-SMALLM,492327,tablet,Blendâ†’Compressâ†’Coatâ†’Pack,2025-04-23 11:00:00,2025-04-23 21:09:00,10.15,477745,97.04,Released,1,False,TAB-1
B2025-00124,PO2025-0037,FG-MAB1,984,L,Upstreamâ†’Downstream,2025-04-16 04:00:00,2025-04-17 00:44:00,20.73,938,95.36,Released,1,False,F-301
B2025-00125,PO2025-0037,FG-MAB1,1034,L,Upstreamâ†’Downstream,2025-04-16 07:00:00,2025-04-17 07:36:00,24.6,991,95.91,Released,0,False,F-301
B2025-00126,PO2025-0037,FG-MAB1,919,L,Upstreamâ†’Downstream,2025-04-21 11:00:00,2025-04-22 07:43:00,20.72,899,97.9,Released,1,False,F-301
B2025-00127,PO2025-0038,FG-VA02,16790,syringe,Upstreamâ†’Downstreamâ†’Fill,2025-04-26 08:00:00,2025-04-27 02:53:00,18.88,16427,97.84,Quarantined,0,False,VIAL-2
B2025-00128,PO2025-0038,FG-VA02,18054,syringe,Upstreamâ†’Downstreamâ†’Fill,2025-05-01 17:00:00,2025-05-02 14:01:00,21.02,17564,97.29,Rejected,0,False,VIAL-1
B2025-00129,PO2025-0039,FG-MAB1,892,L,Upstreamâ†’Downstream,2025-05-01 17:00:00,2025-05-02 14:42:00,21.7,865,96.98,Released,0,False,F-301
B2025-00130,PO2025-0039,FG-MAB1,922,L,Upstreamâ†’Downstream,2025-05-05 21:00:00,2025-05-06 13:41:00,16.68,886,96.12,Released,0,False,F-301
B2025-00131,PO2025-0039,FG-MAB1,992,L,Upstreamâ†’Downstream,2025-05-05 22:00:00,2025-05-06 20:43:00,22.72,951,95.88,Released,1,False,C-201
B2025-00132,PO2025-0040,FG-SMALLM,514691,tablet,Blendâ†’Compressâ†’Coatâ†’Pack,2025-05-09 02:00:00,2025-05-09 11:55:00,9.92,495948,96.36,Released,0,False,TAB-1
B2025-00133,PO2025-0040,FG-SMALLM,531169,tablet,Blendâ†’Compressâ†’Coatâ†’Pack,2025-05-11 12:00:00,2025-05-12 01:21:00,13.35,535776,100.87,Released,1,False,COAT-1
B2025-00134,PO2025-0040,FG-SMALLM,510606,tablet,Blendâ†’Compressâ†’Coatâ†’Pack,2025-05-12 13:00:00,2025-05-13 00:20:00,11.33,507210,99.33,Released,1,False,TAB-1
B2025-00135,PO2025-0040,FG-SMALLM,554946,tablet,Blendâ†’Compressâ†’Coatâ†’Pack,2025-05-12 16:00:00,2025-05-13 04:32:00,12.53,536414,96.66,Released,0,False,COAT-1
B2025-00136,PO2025-0041,FG-SMALLM,586837,tablet,Blendâ†’Compressâ†’Coatâ†’Pack,2025-05-07 08:00:00,2025-05-07 21:00:00,13.0,573988,97.81,Released,0,False,TAB-1
B2025-00137,PO2025-0041,FG-SMALLM,492625,tablet,Blendâ†’Compressâ†’Coatâ†’Pack,2025-05-11 09:00:00,2025-05-11 19:10:00,10.17,482177,97.88,Quarantined,0,True,TAB-1
B2025-00138,PO2025-0042,FG-MAB1,1006,L,Upstreamâ†’Downstream,2025-05-14 00:00:00,2025-05-14 20:09:00,20.15,969,96.32,Released,0,False,C-201
B2025-00139,PO2025-0042,FG-MAB1,984,L,Upstreamâ†’Downstream,2025-05-19 18:00:00,2025-05-20 16:59:00,22.98,944,95.99,Released,0,False,F-301
B2025-00140,PO2025-0042,FG-MAB1,1021,L,Upstreamâ†’Downstream,2025-05-24 19:00:00,2025-05-25 16:22:00,21.37,995,97.47,Released,0,False,F-301
B2025-00141,PO2025-0042,FG-MAB1,823,L,Upstreamâ†’Downstream,2025-05-25 19:00:00,2025-05-26 12:48:00,17.8,810,98.53,Released,0,False,C-201
B2025-00142,PO2025-0043,FG-MAB1-FILL,24802,vial,Upstreamâ†’Downstreamâ†’Fill,2025-05-16 10:00:00,2025-05-17 07:46:00,21.77,24108,97.2,Released,0,False,VIAL-2
B2025-00143,PO2025-0043,FG-MAB1-FILL,23510,vial,Upstreamâ†’Downstreamâ†’Fill,2025-05-25 10:00:00,2025-05-26 01:26:00,15.43,22666,96.41,Released,0,False,VIAL-2
B2025-00144,PO2025-0044,FG-VA01,21551,vial,Upstreamâ†’Downstreamâ†’Fill,2025-05-24 10:00:00,2025-05-25 04:58:00,18.97,21249,98.6,Released,1,False,VIAL-2
B2025-00145,PO2025-0044,FG-VA01,20781,vial,Upstreamâ†’Downstreamâ†’Fill,2025-05-24 15:00:00,2025-05-25 09:16:00,18.27,20875,100.45,Released,0,False,VIAL-1
B2025-00146,PO2025-0044,FG-VA01,18456,vial,Upstreamâ†’Downstreamâ†’Fill,2025-05-27 06:00:00,2025-05-27 22:50:00,16.83,18356,99.46,Released,0,False,VIAL-2
B2025-00147,PO2025-0044,FG-VA01,22584,vial,Upstreamâ†’Downstreamâ†’Fill,2025-05-28 07:00:00,2025-05-29 01:10:00,18.17,22366,99.04,Released,0,False,VIAL-2
B2025-00148,PO2025-0044,FG-VA01,18242,vial,Upstreamâ†’Downstreamâ†’Fill,2025-05-28 19:00:00,2025-05-29 14:24:00,19.4,17709,97.08,Released,0,False,VIAL-2
B2025-00149,PO2025-0045,FG-MAB1-FILL,25895,vial,Upstreamâ†’Downstreamâ†’Fill,2025-05-28 04:00:00,2025-05-28 21:37:00,17.62,25881,99.95,Released,0,False,VIAL-2
B2025-00150,PO2025-0045,FG-MAB1-FILL,22477,vial,Upstreamâ†’Downstreamâ†’Fill,2025-05-28 12:00:00,2025-05-29 06:45:00,18.75,21089,93.83,Released,2,False,VIAL-1
B2025-00151,PO2025-0045,FG-MAB1-FILL,24427,vial,Upstreamâ†’Downstreamâ†’Fill,2025-05-30 19:00:00,2025-05-31 14:24:00,19.4,23810,97.48,Released,1,False,VIAL-1
B2025-00152,PO2025-0045,FG-MAB1-FILL,27171,vial,Upstreamâ†’Downstreamâ†’Fill,2025-06-02 19:00:00,2025-06-03 16:51:00,21.85,26344,96.96,Released,1,False,VIAL-2
B2025-00153,PO2025-0046,FG-MAB1,906,L,Upstreamâ†’Downstream,2025-05-26 11:00:00,2025-05-27 08:44:00,21.73,832,91.92,Released,0,False,C-201
B2025-00154,PO2025-0046,FG-MAB1,1095,L,Upstreamâ†’Downstream,2025-05-26 13:00:00,2025-05-27 15:23:00,26.38,1056,96.51,Released,0,False,C-201
B2025-00155,PO2025-0046,FG-MAB1,1015,L,Upstreamâ†’Downstream,2025-05-28 15:00:00,2025-05-29 15:47:00,24.78,965,95.07,Released,0,False,F-301
B2025-00156,PO2025-0046,FG-MAB1,957,L,Upstreamâ†’Downstream,2025-05-28 21:00:00,2025-05-29 20:24:00,23.4,915,95.67,Released,0,False,C-201
B2025-00157,PO2025-0046,FG-MAB1,1085,L,Upstreamâ†’Downstream,2025-05-30 09:00:00,2025-05-31 04:28:00,19.47,1027,94.67,Released,0,False,F-301
B2025-00158,PO2025-0047,FG-VA01,20048,vial,Upstreamâ†’Downstreamâ†’Fill,2025-06-08 14:00:00,2025-06-09 15:54:00,25.9,19298,96.26,Released,0,False,VIAL-2
B2025-00159,PO2025-0047,FG-VA01,18779,vial,Upstreamâ†’Downstreamâ†’Fill,2025-06-11 21:00:00,2025-06-12 16:25:00,19.42,18332,97.62,Released,1,False,VIAL-2
B2025-00160,PO2025-0047,FG-VA01,22177,vial,Upstreamâ†’Downstreamâ†’Fill,2025-06-12 10:00:00,2025-06-13 09:01:00,23.02,22106,99.68,Released,0,False,VIAL-2
B2025-00161,PO2025-0047,FG-VA01,20895,vial,Upstreamâ†’Downstreamâ†’Fill,2025-06-13 16:00:00,2025-06-14 15:09:00,23.15,20314,97.22,Released,0,False,VIAL-2
B2025-00162,PO2025-0048,FG-VA01,18684,vial,Upstreamâ†’Downstreamâ†’Fill,2025-06-13 01:00:00,2025-06-13 21:36:00,20.6,18165,97.23,Released,0,False,VIAL-2
B2025-00163,PO2025-0048,FG-VA01,18755,vial,Upstreamâ†’Downstreamâ†’Fill,2025-06-13 04:00:00,2025-06-14 02:17:00,22.28,18346,97.82,Released,0,False,VIAL-1
B2025-00164,PO2025-0048,FG-VA01,16097,vial,Upstreamâ†’Downstreamâ†’Fill,2025-06-14 12:00:00,2025-06-15 13:22:00,25.37,15769,97.97,Released,0,False,VIAL-1
B2025-00165,PO2025-0049,FG-SMALLM,488612,tablet,Blendâ†’Compressâ†’Coatâ†’Pack,2025-06-21 13:00:00,2025-06-21 23:00:00,10.0,466440,95.46,Quarantined,0,False,TAB-1
B2025-00166,PO2025-0049,FG-SMALLM,479674,tablet,Blendâ†’Compressâ†’Coatâ†’Pack,2025-06-25 22:00:00,2025-06-26 08:35:00,10.58,471740,98.35,Released,1,False,COAT-1
B2025-00167,PO2025-0049,FG-SMALLM,584152,tablet,Blendâ†’Compressâ†’Coatâ†’Pack,2025-06-27 03:00:00,2025-06-27 16:18:00,13.3,583927,99.96,Released,0,False,TAB-1
B2025-00168,PO2025-0049,FG-SMALLM,561919,tablet,Blendâ†’Compressâ†’Coatâ†’Pack,2025-06-30 04:00:00,2025-06-30 11:21:00,7.35,557391,99.19,Rejected,0,False,TAB-1
B2025-00169,PO2025-0050,FG-MAB1,919,L,Upstreamâ†’Downstream,2025-06-23 00:00:00,2025-06-23 15:00:00,15.0,899,97.9,Rejected,1,False,F-301
B2025-00170,PO2025-0050,FG-MAB1,905,L,Upstreamâ†’Downstream,2025-06-24 23:00:00,2025-06-25 20:49:00,21.82,903,99.86,Released,0,False,F-301
B2025-00171,PO2025-0050,FG-MAB1,940,L,Upstreamâ†’Downstream,2025-06-26 15:00:00,2025-06-27 11:07:00,20.12,941,100.21,Released,0,False,F-301
B2025-00172,PO2025-0050,FG-MAB1,991,L,Upstreamâ†’Downstream,2025-06-29 09:00:00,2025-06-30 06:29:00,21.48,978,98.78,Released,0,False,F-301
B2025-00173,PO2025-0051,FG-VA02,16568,syringe,Upstreamâ†’Downstreamâ†’Fill,2025-06-24 05:00:00,2025-06-25 00:26:00,19.43,15773,95.21,Released,0,False,VIAL-1
B2025-00174,PO2025-0051,FG-VA02,19421,syringe,Upstreamâ†’Downstreamâ†’Fill,2025-06-26 02:00:00,2025-06-26 22:03:00,20.05,18823,96.92,Released,0,False,VIAL-2
B2025-00175,PO2025-0051,FG-VA02,18323,syringe,Upstreamâ†’Downstreamâ†’Fill,2025-06-27 16:00:00,2025-06-28 14:13:00,22.22,17940,97.91,Released,0,False,VIAL-2
B2025-00176,PO2025-0051,FG-VA02,15698,syringe,Upstreamâ†’Downstreamâ†’Fill,2025-06-27 21:00:00,2025-06-28 21:46:00,24.77,15259,97.21,Released,0,False,VIAL-2
B2025-00177,PO2025-0052,FG-VA02,16209,syringe,Upstreamâ†’Downstreamâ†’Fill,2025-07-06 04:00:00,2025-07-07 00:45:00,20.75,15882,97.99,Released,0,False,VIAL-2
B2025-00178,PO2025-0052,FG-VA02,16199,syringe,Upstreamâ†’Downstreamâ†’Fill,2025-07-07 11:00:00,2025-07-08 09:11:00,22.18,15564,96.08,Released,0,False,VIAL-2
B2025-00179,PO2025-0052,FG-VA02,18488,syringe,Upstreamâ†’Downstreamâ†’Fill,2025-07-12 07:00:00,2025-07-13 04:55:00,21.92,18179,98.33,Quarantined,0,True,VIAL-1
B2025-00180,PO2025-0053,FG-VA02,15163,syringe,Upstreamâ†’Downstreamâ†’Fill,2025-07-04 18:00:00,2025-07-05 14:06:00,20.1,14485,95.53,Released,0,False,VIAL-1
B2025-00181,PO2025-0053,FG-VA02,20856,syringe,Upstreamâ†’Downstreamâ†’Fill,2025-07-09 04:00:00,2025-07-09 22:39:00,18.65,21020,100.79,Released,0,False,VIAL-2
B2025-00182,PO2025-0053,FG-VA02,16196,syringe,Upstreamâ†’Downstreamâ†’Fill,2025-07-09 16:00:00,2025-07-10 12:22:00,20.37,16249,100.33,Released,0,False,VIAL-2
B2025-00183,PO2025-0054,FG-MAB1-FILL,26481,vial,Upstreamâ†’Downstreamâ†’Fill,2025-07-11 23:00:00,2025-07-12 17:05:00,18.08,25745,97.22,Rejected,0,False,VIAL-2
B2025-00184,PO2025-0054,FG-MAB1-FILL,22825,vial,Upstreamâ†’Downstreamâ†’Fill,2025-07-12 01:00:00,2025-07-12 19:22:00,18.37,22696,99.44,Rejected,0,False,VIAL-2
B2025-00185,PO2025-0054,FG-MAB1-FILL,26159,vial,Upstreamâ†’Downstreamâ†’Fill,2025-07-14 18:00:00,2025-07-15 16:41:00,22.68,25205,96.35,Released,0,False,VIAL-2
B2025-00186,PO2025-0054,FG-MAB1-FILL,25836,vial,Upstreamâ†’Downstreamâ†’Fill,2025-07-17 08:00:00,2025-07-18 05:46:00,21.77,24388,94.4,Released,1,False,VIAL-1
B2025-00187,PO2025-0055,FG-VA02,18226,syringe,Upstreamâ†’Downstreamâ†’Fill,2025-07-19 07:00:00,2025-07-20 08:53:00,25.88,17676,96.98,Released,0,False,VIAL-2
B2025-00188,PO2025-0055,FG-VA02,16129,syringe,Upstreamâ†’Downstreamâ†’Fill,2025-07-20 00:00:00,2025-07-20 18:33:00,18.55,15802,97.98,Quarantined,0,False,VIAL-1
B2025-00189,PO2025-0055,FG-VA02,19222,syringe,Upstreamâ†’Downstreamâ†’Fill,2025-07-21 00:00:00,2025-07-21 23:05:00,23.08,18442,95.95,Released,0,False,VIAL-1
B2025-00190,PO2025-0056,FG-VA02,18350,syringe,Upstreamâ†’Downstreamâ†’Fill,2025-07-16 07:00:00,2025-07-17 01:19:00,18.32,17926,97.69,Released,0,False,VIAL-1
B2025-00191,PO2025-0056,FG-VA02,16033,syringe,Upstreamâ†’Downstreamâ†’Fill,2025-07-16 14:00:00,2025-07-17 10:34:00,20.57,15383,95.95,Released,0,False,VIAL-2
B2025-00192,PO2025-0056,FG-VA02,16986,syringe,Upstreamâ†’Downstreamâ†’Fill,2025-07-17 19:00:00,2025-07-18 16:24:00,21.4,16743,98.57,Released,0,False,VIAL-2
B2025-00193,PO2025-0056,FG-VA02,20085,syringe,Upstreamâ†’Downstreamâ†’Fill,2025-07-25 21:00:00,2025-07-26 16:39:00,19.65,19386,96.52,Released,0,False,VIAL-2
B2025-00194,PO2025-0057,FG-MAB1,1121,L,Upstreamâ†’Downstream,2025-07-16 11:00:00,2025-07-17 04:47:00,17.78,1075,95.98,Released,0,False,F-301
B2025-00195,PO2025-0057,FG-MAB1,919,L,Upstreamâ†’Downstream,2025-07-19 16:00:00,2025-07-20 12:55:00,20.92,914,99.56,Quarantined,0,False,F-301
B2025-00196,PO2025-0057,FG-MAB1,1095,L,Upstreamâ†’Downstream,2025-07-20 15:00:00,2025-07-21 10:56:00,19.93,1081,98.78,Released,0,False,F-301
B2025-00197,PO2025-0058,FG-SMALLM,546783,tablet,Blendâ†’Compressâ†’Coatâ†’Pack,2025-07-16 14:00:00,2025-07-17 01:33:00,11.55,548240,100.27,Released,0,False,COAT-1
B2025-00198,PO2025-0058,FG-SMALLM,465424,tablet,Blendâ†’Compressâ†’Coatâ†’Pack,2025-07-18 01:00:00,2025-07-18 12:47:00,11.78,478236,102.75,Released,0,False,TAB-1
B2025-00199,PO2025-0058,FG-SMALLM,555258,tablet,Blendâ†’Compressâ†’Coatâ†’Pack,2025-07-20 02:00:00,2025-07-20 09:43:00,7.72,550276,99.1,Released,0,False,COAT-1
B2025-00200,PO2025-0058,FG-SMALLM,568200,tablet,Blendâ†’Compressâ†’Coatâ†’Pack,2025-07-23 23:00:00,2025-07-24 12:55:00,13.92,566265,99.66,Quarantined,0,False,TAB-1
B2025-00201,PO2025-0059,FG-VA01,21188,vial,Upstreamâ†’Downstreamâ†’Fill,2025-07-24 12:00:00,2025-07-25 10:55:00,22.92,20785,98.1,Released,0,False,VIAL-2
B2025-00202,PO2025-0059,FG-VA01,21296,vial,Upstreamâ†’Downstreamâ†’Fill,2025-07-24 17:00:00,2025-07-25 15:00:00,22.0,21318,100.11,Released,1,False,VIAL-2
B2025-00203,PO2025-0059,FG-VA01,18773,vial,Upstreamâ†’Downstreamâ†’Fill,2025-07-26 09:00:00,2025-07-27 04:56:00,19.93,17897,95.33,Released,0,False,VIAL-1
B2025-00204,PO2025-0059,FG-VA01,19211,vial,Upstreamâ†’Downstreamâ†’Fill,2025-07-27 14:00:00,2025-07-28 08:17:00,18.28,18345,95.5,Released,0,False,VIAL-2
B2025-00205,PO2025-0060,FG-SMALLM,513199,tablet,Blendâ†’Compressâ†’Coatâ†’Pack,2025-07-27 15:00:00,2025-07-28 01:59:00,10.98,485760,94.65,Released,0,False,COAT-1
B2025-00206,PO2025-0060,FG-SMALLM,521955,tablet,Blendâ†’Compressâ†’Coatâ†’Pack,2025-07-29 08:00:00,2025-07-29 17:17:00,9.28,511858,98.07,Released,0,False,COAT-1
B2025-00207,PO2025-0060,FG-SMALLM,414389,tablet,Blendâ†’Compressâ†’Coatâ†’Pack,2025-07-31 23:00:00,2025-08-01 10:09:00,11.15,406645,98.13,Released,0,False,TAB-1
B2025-00208,PO2025-0060,FG-SMALLM,518945,tablet,Blendâ†’Compressâ†’Coatâ†’Pack,2025-08-01 20:00:00,2025-08-02 05:07:00,9.12,507529,97.8,Released,0,False,TAB-1
B2025-00209,PO2025-0061,FG-VA01,22791,vial,Upstreamâ†’Downstreamâ†’Fill,2025-07-29 19:00:00,2025-07-30 13:36:00,18.6,22078,96.87,Released,1,False,VIAL-1
B2025-00210,PO2025-0061,FG-VA01,16652,vial,Upstreamâ†’Downstreamâ†’Fill,2025-08-05 11:00:00,2025-08-06 11:21:00,24.35,16306,97.92,Released,0,False,VIAL-2
B2025-00211,PO2025-0061,FG-VA01,21478,vial,Upstreamâ†’Downstreamâ†’Fill,2025-08-07 15:00:00,2025-08-08 06:42:00,15.7,20356,94.78,Released,0,False,VIAL-1
B2025-00212,PO2025-0061,FG-VA01,16000,vial,Upstreamâ†’Downstreamâ†’Fill,2025-08-08 15:00:00,2025-08-09 12:46:00,21.77,15752,98.46,Released,1,False,VIAL-2
B2025-00213,PO2025-0061,FG-VA01,22813,vial,Upstreamâ†’Downstreamâ†’Fill,2025-08-08 21:00:00,2025-08-09 18:34:00,21.57,22213,97.37,Rejected,0,False,VIAL-1
B2025-00214,PO2025-0062,FG-SMALLM,498287,tablet,Blendâ†’Compressâ†’Coatâ†’Pack,2025-07-30 02:00:00,2025-07-30 13:08:00,11.13,482763,96.88,Released,1,False,COAT-1
B2025-00215,PO2025-0062,FG-SMALLM,553847,tablet,Blendâ†’Compressâ†’Coatâ†’Pack,2025-08-05 12:00:00,2025-08-05 21:09:00,9.15,533173,96.27,Released,0,False,TAB-1
B2025-00216,PO2025-0063,FG-VA02,19856,syringe,Upstreamâ†’Downstreamâ†’Fill,2025-08-02 06:00:00,2025-08-03 08:40:00,26.67,19277,97.09,Released,0,False,VIAL-1
B2025-00217,PO2025-0063,FG-VA02,20031,syringe,Upstreamâ†’Downstreamâ†’Fill,2025-08-06 08:00:00,2025-08-07 06:54:00,22.9,19485,97.28,Quarantined,0,True,VIAL-2
B2025-00218,PO2025-0063,FG-VA02,19129,syringe,Upstreamâ†’Downstreamâ†’Fill,2025-08-07 01:00:00,2025-08-08 01:31:00,24.52,18392,96.15,Released,0,False,VIAL-1
B2025-00219,PO2025-0063,FG-VA02,16869,syringe,Upstreamâ†’Downstreamâ†’Fill,2025-08-08 03:00:00,2025-08-09 02:11:00,23.18,16273,96.47,Released,0,False,VIAL-1
B2025-00220,PO2025-0063,FG-VA02,19334,syringe,Upstreamâ†’Downstreamâ†’Fill,2025-08-10 18:00:00,2025-08-11 11:50:00,17.83,18897,97.74,Released,0,False,VIAL-2
B2025-00221,PO2025-0064,FG-MAB1-FILL,22265,vial,Upstreamâ†’Downstreamâ†’Fill,2025-08-06 11:00:00,2025-08-07 11:20:00,24.33,21853,98.15,Released,0,False,VIAL-2
B2025-00222,PO2025-0064,FG-MAB1-FILL,24334,vial,Upstreamâ†’Downstreamâ†’Fill,2025-08-07 00:00:00,2025-08-07 17:51:00,17.85,23761,97.65,Released,0,False,VIAL-2
B2025-00223,PO2025-0064,FG-MAB1-FILL,25632,vial,Upstreamâ†’Downstreamâ†’Fill,2025-08-08 15:00:00,2025-08-09 10:01:00,19.02,25039,97.69,Released,0,False,VIAL-1
B2025-00224,PO2025-0064,FG-MAB1-FILL,27429,vial,Upstreamâ†’Downstreamâ†’Fill,2025-08-09 12:00:00,2025-08-10 05:07:00,17.12,27199,99.16,Released,0,False,VIAL-2
B2025-00225,PO2025-0064,FG-MAB1-FILL,27181,vial,Upstreamâ†’Downstreamâ†’Fill,2025-08-10 08:00:00,2025-08-11 09:04:00,25.07,26342,96.91,Released,2,False,VIAL-2
B2025-00226,PO2025-0065,FG-MAB1,882,L,Upstreamâ†’Downstream,2025-08-04 09:00:00,2025-08-05 09:19:00,24.32,831,94.26,Released,1,False,C-201
B2025-00227,PO2025-0065,FG-MAB1,1118,L,Upstreamâ†’Downstream,2025-08-05 19:00:00,2025-08-06 17:07:00,22.12,1108,99.12,Released,0,False,C-201
B2025-00228,PO2025-0065,FG-MAB1,1158,L,Upstreamâ†’Downstream,2025-08-09 12:00:00,2025-08-10 09:09:00,21.15,1087,93.95,Released,0,False,F-301
B2025-00229,PO2025-0065,FG-MAB1,1200,L,Upstreamâ†’Downstream,2025-08-10 12:00:00,2025-08-11 11:32:00,23.53,1159,96.59,Released,0,False,C-201
B2025-00230,PO2025-0066,FG-VA02,18280,syringe,Upstreamâ†’Downstreamâ†’Fill,2025-08-04 12:00:00,2025-08-05 08:16:00,20.27,17544,95.98,Released,0,False,VIAL-2
B2025-00231,PO2025-0066,FG-VA02,18107,syringe,Upstreamâ†’Downstreamâ†’Fill,2025-08-05 09:00:00,2025-08-06 02:24:00,17.4,17448,96.36,Rejected,0,False,VIAL-2
B2025-00232,PO2025-0066,FG-VA02,17911,syringe,Upstreamâ†’Downstreamâ†’Fill,2025-08-06 19:00:00,2025-08-07 16:30:00,21.5,17679,98.71,Released,0,False,VIAL-2
B2025-00233,PO2025-0067,FG-SMALLM,454457,tablet,Blendâ†’Compressâ†’Coatâ†’Pack,2025-08-18 12:00:00,2025-08-18 23:13:00,11.22,429842,94.58,Released,0,False,TAB-1
B2025-00234,PO2025-0067,FG-SMALLM,485614,tablet,Blendâ†’Compressâ†’Coatâ†’Pack,2025-08-19 03:00:00,2025-08-19 16:04:00,13.07,459534,94.63,Released,0,False,TAB-1
B2025-00235,PO2025-0067,FG-SMALLM,499013,tablet,Blendâ†’Compressâ†’Coatâ†’Pack,2025-08-19 12:00:00,2025-08-20 01:35:00,13.58,473896,94.97,Released,0,False,COAT-1
B2025-00236,PO2025-0068,FG-SMALLM,519282,tablet,Blendâ†’Compressâ†’Coatâ†’Pack,2025-08-20 08:00:00,2025-08-20 18:44:00,10.73,523339,100.78,Released,0,False,COAT-1
B2025-00237,PO2025-0068,FG-SMALLM,497010,tablet,Blendâ†’Compressâ†’Coatâ†’Pack,2025-08-24 04:00:00,2025-08-24 15:50:00,11.83,479377,96.45,Released,0,False,COAT-1
B2025-00238,PO2025-0068,FG-SMALLM,490264,tablet,Blendâ†’Compressâ†’Coatâ†’Pack,2025-08-24 09:00:00,2025-08-25 01:10:00,16.17,465899,95.03,Quarantined,0,True,COAT-1
B2025-00239,PO2025-0069,FG-VA01,21382,vial,Upstreamâ†’Downstreamâ†’Fill,2025-08-22 21:00:00,2025-08-23 17:29:00,20.48,20896,97.73,Released,1,False,VIAL-1
B2025-00240,PO2025-0069,FG-VA01,19439,vial,Upstreamâ†’Downstreamâ†’Fill,2025-08-29 11:00:00,2025-08-30 04:59:00,17.98,18652,95.95,Released,0,False,VIAL-2
B2025-00241,PO2025-0070,FG-MAB1-FILL,26362,vial,Upstreamâ†’Downstreamâ†’Fill,2025-08-26 17:00:00,2025-08-27 17:04:00,24.07,25217,95.66,Released,0,False,VIAL-2
B2025-00242,PO2025-0070,FG-MAB1-FILL,26658,vial,Upstreamâ†’Downstreamâ†’Fill,2025-08-27 07:00:00,2025-08-28 01:26:00,18.43,24953,93.61,Released,0,False,VIAL-2
B2025-00243,PO2025-0070,FG-MAB1-FILL,24000,vial,Upstreamâ†’Downstreamâ†’Fill,2025-08-27 22:00:00,2025-08-28 17:04:00,19.07,23649,98.54,Released,0,False,VIAL-1
B2025-00244,PO2025-0071,FG-MAB1-FILL,25112,vial,Upstreamâ†’Downstreamâ†’Fill,2025-09-05 03:00:00,2025-09-05 20:14:00,17.23,24497,97.55,Released,0,False,VIAL-2
B2025-00245,PO2025-0071,FG-MAB1-FILL,22739,vial,Upstreamâ†’Downstreamâ†’Fill,2025-09-05 23:00:00,2025-09-06 20:29:00,21.48,22327,98.19,Released,0,False,VIAL-1
B2025-00246,PO2025-0071,FG-MAB1-FILL,28067,vial,Upstreamâ†’Downstreamâ†’Fill,2025-09-09 14:00:00,2025-09-10 09:58:00,19.97,27754,98.89,Released,2,False,VIAL-2
B2025-00247,PO2025-0072,FG-SMALLM,481778,tablet,Blendâ†’Compressâ†’Coatâ†’Pack,2025-08-28 23:00:00,2025-08-29 08:54:00,9.9,458857,95.24,Released,0,False,TAB-1
B2025-00248,PO2025-0072,FG-SMALLM,467192,tablet,Blendâ†’Compressâ†’Coatâ†’Pack,2025-09-03 12:00:00,2025-09-03 20:46:00,8.77,448297,95.96,Released,0,False,TAB-1
B2025-00249,PO2025-0072,FG-SMALLM,400000,tablet,Blendâ†’Compressâ†’Coatâ†’Pack,2025-09-07 21:00:00,2025-09-08 07:53:00,10.88,385215,96.3,Released,0,False,TAB-1
B2025-00250,PO2025-0073,FG-VA01,21016,vial,Upstreamâ†’Downstreamâ†’Fill,2025-09-03 11:00:00,2025-09-04 06:27:00,19.45,20337,96.77,Quarantined,0,False,VIAL-2
B2025-00251,PO2025-0073,FG-VA01,18309,vial,Upstreamâ†’Downstreamâ†’Fill,2025-09-07 19:00:00,2025-09-08 11:01:00,16.02,17817,97.32,Released,0,False,VIAL-1
B2025-00252,PO2025-0073,FG-VA01,19556,vial,Upstreamâ†’Downstreamâ†’Fill,2025-09-08 18:00:00,2025-09-09 21:20:00,27.33,19003,97.18,Released,0,False,VIAL-1
B2025-00253,PO2025-0073,FG-VA01,20149,vial,Upstreamâ†’Downstreamâ†’Fill,2025-09-08 19:00:00,2025-09-09 17:32:00,22.53,19608,97.32,Released,1,False,VIAL-1
B2025-00254,PO2025-0073,FG-VA01,16947,vial,Upstreamâ†’Downstreamâ†’Fill,2025-09-09 16:00:00,2025-09-10 10:42:00,18.7,16600,97.96,Released,0,False,VIAL-2
B2025-00255,PO2025-0074,FG-VA02,18624,syringe,Upstreamâ†’Downstreamâ†’Fill,2025-09-08 00:00:00,2025-09-08 19:31:00,19.52,18552,99.62,Released,0,False,VIAL-1
B2025-00256,PO2025-0074,FG-VA02,17407,syringe,Upstreamâ†’Downstreamâ†’Fill,2025-09-10 04:00:00,2025-09-10 23:44:00,19.73,16871,96.93,Released,0,False,VIAL-2
B2025-00257,PO2025-0075,FG-VA02,17550,syringe,Upstreamâ†’Downstreamâ†’Fill,2025-09-02 08:00:00,2025-09-03 05:31:00,21.52,16980,96.75,Released,0,False,VIAL-1
B2025-00258,PO2025-0075,FG-VA02,19029,syringe,Upstreamâ†’Downstreamâ†’Fill,2025-09-05 09:00:00,2025-09-06 05:14:00,20.23,18219,95.75,Released,0,False,VIAL-2
B2025-00259,PO2025-0076,FG-MAB1-FILL,21426,vial,Upstreamâ†’Downstreamâ†’Fill,2025-09-11 23:00:00,2025-09-12 19:14:00,20.23,20880,97.45,Released,1,False,VIAL-2
B2025-00260,PO2025-0076,FG-MAB1-FILL,25028,vial,Upstreamâ†’Downstreamâ†’Fill,2025-09-16 17:00:00,2025-09-17 14:05:00,21.08,24177,96.6,Released,0,False,VIAL-2
B2025-00261,PO2025-0077,FG-MAB1-FILL,28636,vial,Upstreamâ†’Downstreamâ†’Fill,2025-09-09 07:00:00,2025-09-10 04:28:00,21.47,27766,96.96,Released,1,False,VIAL-2
B2025-00262,PO2025-0077,FG-MAB1-FILL,21097,vial,Upstreamâ†’Downstreamâ†’Fill,2025-09-11 23:00:00,2025-09-12 19:48:00,20.8,20817,98.67,Released,0,False,VIAL-2
B2025-00263,PO2025-0077,FG-MAB1-FILL,24051,vial,Upstreamâ†’Downstreamâ†’Fill,2025-09-13 22:00:00,2025-09-14 20:27:00,22.45,22663,94.23,Rejected,0,False,VIAL-2
B2025-00264,PO2025-0078,FG-SMALLM,487965,tablet,Blendâ†’Compressâ†’Coatâ†’Pack,2025-09-21 04:00:00,2025-09-21 14:37:00,10.62,471035,96.53,Released,0,False,COAT-1
B2025-00265,PO2025-0078,FG-SMALLM,513774,tablet,Blendâ†’Compressâ†’Coatâ†’Pack,2025-09-21 21:00:00,2025-09-22 06:29:00,9.48,515389,100.31,Released,0,False,COAT-1
B2025-00266,PO2025-0078,FG-SMALLM,496430,tablet,Blendâ†’Compressâ†’Coatâ†’Pack,2025-09-28 04:00:00,2025-09-28 15:40:00,11.67,478746,96.44,Released,1,False,TAB-1
B2025-00267,PO2025-0078,FG-SMALLM,537377,tablet,Blendâ†’Compressâ†’Coatâ†’Pack,2025-09-29 04:00:00,2025-09-29 14:11:00,10.18,532129,99.02,Released,0,False,COAT-1
B2025-00268,PO2025-0078,FG-SMALLM,420581,tablet,Blendâ†’Compressâ†’Coatâ†’Pack,2025-09-29 10:00:00,2025-09-29 22:38:00,12.63,404426,96.16,Released,0,False,TAB-1
B2025-00269,PO2025-0079,FG-MAB1-FILL,21737,vial,Upstreamâ†’Downstreamâ†’Fill,2025-09-27 17:00:00,2025-09-28 11:44:00,18.73,20780,95.6,Released,0,False,VIAL-2
B2025-00270,PO2025-0079,FG-MAB1-FILL,28135,vial,Upstreamâ†’Downstreamâ†’Fill,2025-10-02 06:00:00,2025-10-03 02:30:00,20.5,26920,95.68,Released,0,False,VIAL-2
B2025-00271,PO2025-0079,FG-MAB1-FILL,23997,vial,Upstreamâ†’Downstreamâ†’Fill,2025-10-02 06:00:00,2025-10-03 04:09:00,22.15,23063,96.11,Rejected,0,False,VIAL-2
B2025-00272,PO2025-0080,FG-MAB1-FILL,26210,vial,Upstreamâ†’Downstreamâ†’Fill,2025-10-01 06:00:00,2025-10-02 02:46:00,20.77,25913,98.87,Released,1,False,VIAL-1
B2025-00273,PO2025-0080,FG-MAB1-FILL,21233,vial,Upstreamâ†’Downstreamâ†’Fill,2025-10-05 09:00:00,2025-10-06 08:05:00,23.08,20890,98.39,Released,0,False,VIAL-1
B2025-00274,PO2025-0080,FG-MAB1-FILL,26800,vial,Upstreamâ†’Downstreamâ†’Fill,2025-10-06 04:00:00,2025-10-07 06:56:00,26.93,26578,99.17,Released,0,False,VIAL-2
B2025-00275,PO2025-0081,FG-SMALLM,469365,tablet,Blendâ†’Compressâ†’Coatâ†’Pack,2025-09-25 00:00:00,2025-09-25 11:38:00,11.63,452205,96.34,Released,0,False,COAT-1
B2025-00276,PO2025-0081,FG-SMALLM,466125,tablet,Blendâ†’Compressâ†’Coatâ†’Pack,2025-09-26 16:00:00,2025-09-27 01:43:00,9.72,460536,98.8,Released,0,False,TAB-1
B2025-00277,PO2025-0081,FG-SMALLM,487131,tablet,Blendâ†’Compressâ†’Coatâ†’Pack,2025-09-26 18:00:00,2025-09-27 04:36:00,10.6,466523,95.77,Released,0,False,COAT-1
B2025-00278,PO2025-0081,FG-SMALLM,507388,tablet,Blendâ†’Compressâ†’Coatâ†’Pack,2025-09-30 14:00:00,2025-10-01 03:25:00,13.42,487714,96.12,Released,0,False,TAB-1
B2025-00279,PO2025-0082,FG-MAB1-FILL,24440,vial,Upstreamâ†’Downstreamâ†’Fill,2025-10-05 14:00:00,2025-10-06 11:27:00,21.45,24273,99.32,Released,0,False,VIAL-1
B2025-00280,PO2025-0082,FG-MAB1-FILL,23237,vial,Upstreamâ†’Downstreamâ†’Fill,2025-10-06 20:00:00,2025-10-07 19:02:00,23.03,22211,95.59,Released,0,False,VIAL-1
B2025-00281,PO2025-0082,FG-MAB1-FILL,26417,vial,Upstreamâ†’Downstreamâ†’Fill,2025-10-08 23:00:00,2025-10-09 18:21:00,19.35,26731,101.19,Released,0,False,VIAL-1
B2025-00282,PO2025-0083,FG-MAB1-FILL,27340,vial,Upstreamâ†’Downstreamâ†’Fill,2025-10-07 21:00:00,2025-10-08 16:59:00,19.98,26182,95.77,Released,0,False,VIAL-1
B2025-00283,PO2025-0083,FG-MAB1-FILL,23809,vial,Upstreamâ†’Downstreamâ†’Fill,2025-10-09 06:00:00,2025-10-10 01:24:00,19.4,22985,96.54,Released,0,False,VIAL-1
B2025-00284,PO2025-0083,FG-MAB1-FILL,22693,vial,Upstreamâ†’Downstreamâ†’Fill,2025-10-11 09:00:00,2025-10-12 06:10:00,21.17,22155,97.63,Released,0,False,VIAL-1
B2025-00285,PO2025-0083,FG-MAB1-FILL,27166,vial,Upstreamâ†’Downstreamâ†’Fill,2025-10-11 19:00:00,2025-10-12 14:11:00,19.18,26190,96.41,Released,0,False,VIAL-1
B2025-00286,PO2025-0084,FG-VA01,20313,vial,Upstreamâ†’Downstreamâ†’Fill,2025-10-09 01:00:00,2025-10-09 22:56:00,21.93,19482,95.91,Released,0,False,VIAL-2
B2025-00287,PO2025-0084,FG-VA01,18272,vial,Upstreamâ†’Downstreamâ†’Fill,2025-10-13 20:00:00,2025-10-14 15:02:00,19.03,18337,100.36,Rejected,1,False,VIAL-1
B2025-00288,PO2025-0084,FG-VA01,19401,vial,Upstreamâ†’Downstreamâ†’Fill,2025-10-15 16:00:00,2025-10-16 17:47:00,25.78,19117,98.54,Released,0,False,VIAL-1
B2025-00289,PO2025-0085,FG-VA02,17802,syringe,Upstreamâ†’Downstreamâ†’Fill,2025-10-13 07:00:00,2025-10-14 01:22:00,18.37,17441,97.98,Released,1,False,VIAL-1
B2025-00290,PO2025-0085,FG-VA02,16339,syringe,Upstreamâ†’Downstreamâ†’Fill,2025-10-14 09:00:00,2025-10-15 02:44:00,17.73,16007,97.97,Released,1,False,VIAL-1
B2025-00291,PO2025-0085,FG-VA02,18735,syringe,Upstreamâ†’Downstreamâ†’Fill,2025-10-24 07:00:00,2025-10-25 04:38:00,21.63,18227,97.29,Released,0,False,VIAL-2
B2025-00292,PO2025-0085,FG-VA02,18116,syringe,Upstreamâ†’Downstreamâ†’Fill,2025-10-24 13:00:00,2025-10-25 09:18:00,20.3,18134,100.1,Released,0,False,VIAL-2
B2025-00293,PO2025-0086,FG-VA02,18200,syringe,Upstreamâ†’Downstreamâ†’Fill,2025-10-16 15:00:00,2025-10-17 08:35:00,17.58,17787,97.74,Released,0,False,VIAL-2
B2025-00294,PO2025-0086,FG-VA02,19577,syringe,Upstreamâ†’Downstreamâ†’Fill,2025-10-19 22:00:00,2025-10-20 20:38:00,22.63,19112,97.63,Released,0,False,VIAL-1
B2025-00295,PO2025-0086,FG-VA02,18181,syringe,Upstreamâ†’Downstreamâ†’Fill,2025-10-22 16:00:00,2025-10-23 09:55:00,17.92,18106,99.59,Quarantined,0,True,VIAL-1
B2025-00296,PO2025-0087,FG-MAB1-FILL,24531,vial,Upstreamâ†’Downstreamâ†’Fill,2025-10-14 17:00:00,2025-10-15 13:19:00,20.32,24279,98.97,Released,0,False,VIAL-2
B2025-00297,PO2025-0087,FG-MAB1-FILL,27202,vial,Upstreamâ†’Downstreamâ†’Fill,2025-10-19 07:00:00,2025-10-20 04:45:00,21.75,27682,101.77,Released,0,False,VIAL-1
B2025-00298,PO2025-0087,FG-MAB1-FILL,27800,vial,Upstreamâ†’Downstreamâ†’Fill,2025-10-20 07:00:00,2025-10-20 23:21:00,16.35,27284,98.15,Released,0,False,VIAL-2
B2025-00299,PO2025-0088,FG-MAB1-FILL,22489,vial,Upstreamâ†’Downstreamâ†’Fill,2025-10-25 18:00:00,2025-10-26 11:32:00,17.53,22081,98.19,Released,0,False,VIAL-2
B2025-00300,PO2025-0088,FG-MAB1-FILL,27026,vial,Upstreamâ†’Downstreamâ†’Fill,2025-10-25 23:00:00,2025-10-26 22:29:00,23.48,26492,98.03,Released,0,False,VIAL-1
B2025-00301,PO2025-0088,FG-MAB1-FILL,24838,vial,Upstreamâ†’Downstreamâ†’Fill,2025-10-27 07:00:00,2025-10-28 03:33:00,20.55,24447,98.43,Released,0,False,VIAL-1
B2025-00302,PO2025-0089,FG-SMALLM,455459,tablet,Blendâ†’Compressâ†’Coatâ†’Pack,2025-10-24 13:00:00,2025-10-24 22:42:00,9.7,442205,97.09,Quarantined,0,False,TAB-1
B2025-00303,PO2025-0089,FG-SMALLM,436096,tablet,Blendâ†’Compressâ†’Coatâ†’Pack,2025-10-24 16:00:00,2025-10-25 04:20:00,12.33,420519,96.43,Released,1,False,COAT-1
B2025-00304,PO2025-0089,FG-SMALLM,501808,tablet,Blendâ†’Compressâ†’Coatâ†’Pack,2025-10-28 01:00:00,2025-10-28 11:27:00,10.45,493791,98.4,Released,0,False,TAB-1
B2025-00305,PO2025-0090,FG-VA02,19552,syringe,Upstreamâ†’Downstreamâ†’Fill,2025-10-27 13:00:00,2025-10-28 08:58:00,19.97,18271,93.45,Released,0,False,VIAL-2
B2025-00306,PO2025-0090,FG-VA02,16609,syringe,Upstreamâ†’Downstreamâ†’Fill,2025-10-29 07:00:00,2025-10-30 00:44:00,17.73,15731,94.72,Released,0,False,VIAL-1
B2025-00307,PO2025-0090,FG-VA02,18379,syringe,Upstreamâ†’Downstreamâ†’Fill,2025-10-31 08:00:00,2025-11-01 04:53:00,20.88,18225,99.16,Released,0,False,VIAL-1
B2025-00308,PO2025-0090,FG-VA02,19982,syringe,Upstreamâ†’Downstreamâ†’Fill,2025-11-01 10:00:00,2025-11-02 06:19:00,20.32,18725,93.71,Released,0,False,VIAL-2
B2025-00309,PO2025-0090,FG-VA02,18172,syringe,Upstreamâ†’Downstreamâ†’Fill,2025-11-01 12:00:00,2025-11-02 07:23:00,19.38,17339,95.42,Released,0,False,VIAL-1
B2025-00310,PO2025-0091,FG-SMALLM,538335,tablet,Blendâ†’Compressâ†’Coatâ†’Pack,2025-11-04 14:00:00,2025-11-04 23:56:00,9.93,532644,98.94,Released,1,False,TAB-1
B2025-00311,PO2025-0091,FG-SMALLM,482450,tablet,Blendâ†’Compressâ†’Coatâ†’Pack,2025-11-05 00:00:00,2025-11-05 08:13:00,8.22,454399,94.19,Released,0,False,TAB-1
B2025-00312,PO2025-0091,FG-SMALLM,470996,tablet,Blendâ†’Compressâ†’Coatâ†’Pack,2025-11-07 14:00:00,2025-11-07 22:19:00,8.32,462540,98.2,Released,1,False,TAB-1
B2025-00313,PO2025-0091,FG-SMALLM,524164,tablet,Blendâ†’Compressâ†’Coatâ†’Pack,2025-11-08 07:00:00,2025-11-08 17:43:00,10.72,513738,98.01,Released,0,False,TAB-1
B2025-00314,PO2025-0091,FG-SMALLM,513445,tablet,Blendâ†’Compressâ†’Coatâ†’Pack,2025-11-08 23:00:00,2025-11-09 07:34:00,8.57,506508,98.65,Released,0,False,COAT-1
B2025-00315,PO2025-0092,FG-MAB1-FILL,26571,vial,Upstreamâ†’Downstreamâ†’Fill,2025-11-10 12:00:00,2025-11-11 05:38:00,17.63,25836,97.23,Released,1,False,VIAL-2
B2025-00316,PO2025-0092,FG-MAB1-FILL,25763,vial,Upstreamâ†’Downstreamâ†’Fill,2025-11-16 05:00:00,2025-11-17 01:17:00,20.28,24462,94.95,Released,0,False,VIAL-1
B2025-00317,PO2025-0092,FG-MAB1-FILL,26528,vial,Upstreamâ†’Downstreamâ†’Fill,2025-11-16 15:00:00,2025-11-17 10:02:00,19.03,25292,95.34,Released,0,False,VIAL-2
B2025-00318,PO2025-0092,FG-MAB1-FILL,24415,vial,Upstreamâ†’Downstreamâ†’Fill,2025-11-19 13:00:00,2025-11-20 10:30:00,21.5,23525,96.36,Released,0,False,VIAL-1
B2025-00319,PO2025-0093,FG-SMALLM,514565,tablet,Blendâ†’Compressâ†’Coatâ†’Pack,2025-11-19 10:00:00,2025-11-19 21:18:00,11.3,501572,97.48,Released,0,False,TAB-1
B2025-00320,PO2025-0093,FG-SMALLM,494844,tablet,Blendâ†’Compressâ†’Coatâ†’Pack,2025-11-21 05:00:00,2025-11-21 15:56:00,10.93,499973,101.04,Released,0,False,TAB-1
B2025-00321,PO2025-0093,FG-SMALLM,534892,tablet,Blendâ†’Compressâ†’Coatâ†’Pack,2025-11-21 12:00:00,2025-11-21 21:50:00,9.83,540308,101.01,Quarantined,1,False,TAB-1
B2025-00322,PO2025-0093,FG-SMALLM,524123,tablet,Blendâ†’Compressâ†’Coatâ†’Pack,2025-11-23 07:00:00,2025-11-23 18:31:00,11.52,511313,97.56,Released,1,False,TAB-1
B2025-00323,PO2025-0093,FG-SMALLM,512588,tablet,Blendâ†’Compressâ†’Coatâ†’Pack,2025-11-23 16:00:00,2025-11-24 05:09:00,13.15,497047,96.97,Released,0,False,COAT-1
B2025-00324,PO2025-0094,FG-VA01,20116,vial,Upstreamâ†’Downstreamâ†’Fill,2025-11-28 15:00:00,2025-11-29 09:22:00,18.37,19703,97.95,Released,0,False,VIAL-1
B2025-00325,PO2025-0094,FG-VA01,20063,vial,Upstreamâ†’Downstreamâ†’Fill,2025-11-28 18:00:00,2025-11-29 10:34:00,16.57,19238,95.89,Released,0,False,VIAL-2
B2025-00326,PO2025-0094,FG-VA01,20343,vial,Upstreamâ†’Downstreamâ†’Fill,2025-12-01 09:00:00,2025-12-02 06:19:00,21.32,19235,94.56,Released,0,False,VIAL-2
B2025-00327,PO2025-0094,FG-VA01,16294,vial,Upstreamâ†’Downstreamâ†’Fill,2025-12-01 18:00:00,2025-12-02 16:16:00,22.27,15997,98.18,Released,0,False,VIAL-2
B2025-00328,PO2025-0095,FG-SMALLM,443635,tablet,Blendâ†’Compressâ†’Coatâ†’Pack,2025-11-28 05:00:00,2025-11-28 16:33:00,11.55,423556,95.47,Rejected,0,False,COAT-1
B2025-00329,PO2025-0095,FG-SMALLM,492739,tablet,Blendâ†’Compressâ†’Coatâ†’Pack,2025-11-30 10:00:00,2025-11-30 20:37:00,10.62,475373,96.48,Released,0,False,COAT-1
B2025-00330,PO2025-0095,FG-SMALLM,576177,tablet,Blendâ†’Compressâ†’Coatâ†’Pack,2025-12-07 13:00:00,2025-12-08 01:02:00,12.03,560965,97.36,Quarantined,0,False,COAT-1
B2025-00331,PO2025-0095,FG-SMALLM,499556,tablet,Blendâ†’Compressâ†’Coatâ†’Pack,2025-12-08 20:00:00,2025-12-09 04:30:00,8.5,481352,96.36,Released,0,False,COAT-1
B2025-00332,PO2025-0096,FG-MAB1-FILL,22872,vial,Upstreamâ†’Downstreamâ†’Fill,2025-11-29 07:00:00,2025-11-30 05:46:00,22.77,21691,94.84,Released,0,False,VIAL-1
B2025-00333,PO2025-0096,FG-MAB1-FILL,24827,vial,Upstreamâ†’Downstreamâ†’Fill,2025-11-29 15:00:00,2025-11-30 06:31:00,15.52,24748,99.68,Released,1,False,VIAL-2
B2025-00334,PO2025-0096,FG-MAB1-FILL,25362,vial,Upstreamâ†’Downstreamâ†’Fill,2025-11-30 10:00:00,2025-12-01 07:58:00,21.97,24651,97.2,Released,0,False,VIAL-1
B2025-00335,PO2025-0096,FG-MAB1-FILL,23218,vial,Upstreamâ†’Downstreamâ†’Fill,2025-12-01 20:00:00,2025-12-02 13:52:00,17.87,22094,95.16,Released,0,False,VIAL-1
B2025-00336,PO2025-0096,FG-MAB1-FILL,23012,vial,Upstreamâ†’Downstreamâ†’Fill,2025-12-03 10:00:00,2025-12-04 04:49:00,18.82,22983,99.88,Released,0,False,VIAL-2
B2025-00337,PO2025-0097,FG-VA01,19785,vial,Upstreamâ†’Downstreamâ†’Fill,2025-12-02 09:00:00,2025-12-03 03:54:00,18.9,19431,98.21,Released,2,False,VIAL-1
B2025-00338,PO2025-0097,FG-VA01,21891,vial,Upstreamâ†’Downstreamâ†’Fill,2025-12-02 10:00:00,2025-12-03 06:47:00,20.78,21046,96.14,Released,0,False,VIAL-1
B2025-00339,PO2025-0097,FG-VA01,21890,vial,Upstreamâ†’Downstreamâ†’Fill,2025-12-06 03:00:00,2025-12-06 22:35:00,19.58,21167,96.7,Released,0,False,VIAL-1
B2025-00340,PO2025-0098,FG-MAB1,958,L,Upstreamâ†’Downstream,2025-12-04 13:00:00,2025-12-05 07:58:00,18.97,943,98.53,Released,1,False,F-301
B2025-00341,PO2025-0098,FG-MAB1,978,L,Upstreamâ†’Downstream,2025-12-07 08:00:00,2025-12-08 02:01:00,18.02,970,99.26,Released,0,False,F-301
B2025-00342,PO2025-0098,FG-MAB1,962,L,Upstreamâ†’Downstream,2025-12-08 17:00:00,2025-12-09 13:15:00,20.25,964,100.23,Released,0,False,F-301
B2025-00343,PO2025-0098,FG-MAB1,1019,L,Upstreamâ†’Downstream,2025-12-08 23:00:00,2025-12-09 17:01:00,18.02,1009,99.09,Released,0,False,C-201
B2025-00344,PO2025-0099,FG-VA01,21117,vial,Upstreamâ†’Downstreamâ†’Fill,2025-12-14 02:00:00,2025-12-14 22:55:00,20.92,20852,98.75,Released,0,False,VIAL-2
B2025-00345,PO2025-0099,FG-VA01,21136,vial,Upstreamâ†’Downstreamâ†’Fill,2025-12-15 12:00:00,2025-12-16 10:01:00,22.02,20752,98.19,Released,0,False,VIAL-2
B2025-00346,PO2025-0099,FG-VA01,20475,vial,Upstreamâ†’Downstreamâ†’Fill,2025-12-16 05:00:00,2025-12-17 00:06:00,19.1,20195,98.64,Released,0,False,VIAL-2
B2025-00347,PO2025-0099,FG-VA01,20358,vial,Upstreamâ†’Downstreamâ†’Fill,2025-12-20 17:00:00,2025-12-21 14:39:00,21.65,19384,95.22,Released,0,False,VIAL-2
B2025-00348,PO2025-0100,FG-MAB1,851,L,Upstreamâ†’Downstream,2025-12-09 16:00:00,2025-12-10 11:39:00,19.65,827,97.29,Released,1,False,C-201
B2025-00349,PO2025-0100,FG-MAB1,1073,L,Upstreamâ†’Downstream,2025-12-12 22:00:00,2025-12-13 21:16:00,23.27,1064,99.18,Released,0,False,C-201
B2025-00350,PO2025-0100,FG-MAB1,992,L,Upstreamâ†’Downstream,2025-12-13 04:00:00,2025-12-14 02:17:00,22.28,968,97.68,Released,0,False,C-201
B2025-00351,PO2025-0100,FG-MAB1,943,L,Upstreamâ†’Downstream,2025-12-13 16:00:00,2025-12-14 15:49:00,23.82,921,97.76,Released,0,False,F-301
B2025-00352,PO2025-0100,FG-MAB1,1045,L,Upstreamâ†’Downstream,2025-12-13 21:00:00,2025-12-14 23:57:00,26.95,1019,97.54,Released,0,False,C-201
B2025-00353,PO2025-0101,FG-VA01,20811,vial,Upstreamâ†’Downstreamâ†’Fill,2025-12-17 09:00:00,2025-12-18 01:07:00,16.12,20523,98.62,Released,0,False,VIAL-2
B2025-00354,PO2025-0101,FG-VA01,16675,vial,Upstreamâ†’Downstreamâ†’Fill,2025-12-22 08:00:00,2025-12-23 04:29:00,20.48,16443,98.61,Released,0,False,VIAL-2
B2025-00355,PO2025-0101,FG-VA01,17446,vial,Upstreamâ†’Downstreamâ†’Fill,2025-12-22 20:00:00,2025-12-23 11:39:00,15.65,17017,97.55,Released,0,False,VIAL-2
B2025-00356,PO2025-0101,FG-VA01,19171,vial,Upstreamâ†’Downstreamâ†’Fill,2025-12-23 18:00:00,2025-12-24 13:00:00,19.0,19066,99.46,Released,2,False,VIAL-1
B2025-00357,PO2025-0101,FG-VA01,19477,vial,Upstreamâ†’Downstreamâ†’Fill,2025-12-24 11:00:00,2025-12-25 05:39:00,18.65,19601,100.64,Quarantined,1,False,VIAL-2
B2025-00358,PO2025-0102,FG-VA02,19258,syringe,Upstreamâ†’Downstreamâ†’Fill,2025-12-19 02:00:00,2025-12-20 02:50:00,24.83,18611,96.64,Released,0,False,VIAL-2
B2025-00359,PO2025-0102,FG-VA02,18566,syringe,Upstreamâ†’Downstreamâ†’Fill,2025-12-22 01:00:00,2025-12-22 18:17:00,17.28,18267,98.39,Quarantined,0,False,VIAL-1
B2025-00360,PO2025-0102,FG-VA02,18360,syringe,Upstreamâ†’Downstreamâ†’Fill,2025-12-24 16:00:00,2025-12-25 12:47:00,20.78,17282,94.13,Released,0,False,VIAL-2
B2025-00361,PO2025-0103,FG-MAB1-FILL,24710,vial,Upstreamâ†’Downstreamâ†’Fill,2025-12-22 11:00:00,2025-12-23 04:18:00,17.3,24571,99.44,Released,0,False,VIAL-2
B2025-00362,PO2025-0103,FG-MAB1-FILL,24882,vial,Upstreamâ†’Downstreamâ†’Fill,2025-12-26 05:00:00,2025-12-26 23:45:00,18.75,23684,95.19,Released,1,False,VIAL-1
B2025-00363,PO2025-0103,FG-MAB1-FILL,27841,vial,Upstreamâ†’Downstreamâ†’Fill,2025-12-26 19:00:00,2025-12-27 13:28:00,18.47,26854,96.46,Released,1,False,VIAL-1
B2025-00364,PO2025-0104,FG-MAB1,1096,L,Upstreamâ†’Downstream,2025-12-26 15:00:00,2025-12-27 12:51:00,21.85,1094,99.82,Released,0,False,C-201
B2025-00365,PO2025-0104,FG-MAB1,970,L,Upstreamâ†’Downstream,2025-12-28 19:00:00,2025-12-29 11:14:00,16.23,931,96.01,Released,0,False,F-301
B2025-00366,PO2025-0104,FG-MAB1,1134,L,Upstreamâ†’Downstream,2025-12-28 20:00:00,2025-12-29 17:53:00,21.88,1107,97.65,Released,0,False,F-301
B2025-00367,PO2025-0104,FG-MAB1,1027,L,Upstreamâ†’Downstream,2026-01-03 00:00:00,2026-01-03 20:13:00,20.22,986,96.07,Rejected,0,False,F-301
B2025-00368,PO2025-0105,FG-SMALLM,469367,tablet,Blendâ†’Compressâ†’Coatâ†’Pack,2025-12-28 06:00:00,2025-12-28 16:13:00,10.22,455969,97.15,Released,1,False,TAB-1
B2025-00369,PO2025-0105,FG-SMALLM,503366,tablet,Blendâ†’Compressâ†’Coatâ†’Pack,2025-12-28 20:00:00,2025-12-29 06:04:00,10.07,496035,98.54,Released,0,False,COAT-1
B2025-00370,PO2025-0105,FG-SMALLM,438287,tablet,Blendâ†’Compressâ†’Coatâ†’Pack,2025-12-29 08:00:00,2025-12-29 17:27:00,9.45,420247,95.88,Released,1,False,COAT-1
B2025-00371,PO2025-0106,FG-VA01,19902,vial,Upstreamâ†’Downstreamâ†’Fill,2026-01-04 23:00:00,2026-01-05 22:21:00,23.35,19480,97.88,Released,0,False,VIAL-1
B2025-00372,PO2025-0106,FG-VA01,21429,vial,Upstreamâ†’Downstreamâ†’Fill,2026-01-06 06:00:00,2026-01-07 03:37:00,21.62,20778,96.97,Released,0,False,VIAL-1
B2025-00373,PO2025-0106,FG-VA01,18255,vial,Upstreamâ†’Downstreamâ†’Fill,2026-01-06 22:00:00,2026-01-07 16:54:00,18.9,17692,96.92,Released,0,False,VIAL-2
B2025-00374,PO2025-0107,FG-MAB1-FILL,24680,vial,Upstreamâ†’Downstreamâ†’Fill,2026-01-07 07:00:00,2026-01-08 01:24:00,18.4,23978,97.16,Released,0,False,VIAL-2
B2025-00375,PO2025-0107,FG-MAB1-FILL,21392,vial,Upstreamâ†’Downstreamâ†’Fill,2026-01-08 10:00:00,2026-01-09 07:26:00,21.43,21204,99.12,Released,0,False,VIAL-1
B2025-00376,PO2025-0107,FG-MAB1-FILL,27573,vial,Upstreamâ†’Downstreamâ†’Fill,2026-01-13 09:00:00,2026-01-14 01:22:00,16.37,25851,93.76,Rejected,0,False,VIAL-2
