REPORTING_MONTH_NUMBER,REPORTING_QUARTER_NUMBER,REPORTING_SCOPE_NAME,REPORTING_YEAR_NUMBER,SCOPE1_F_GASES_TCO2_QUANTITY,SCOPE1_SCOPE2_TOTAL_SITE_ENERGY_TCO2_QUANTITY,SCOPE1_SCOPE2_TOTAL_SITE_TCO2_QUANTITY,SCOPE1_SITE_ENERGY_TCO2_QUANTITY,SCOPE1_SITE_NON_ENERGY_TCO2_QUANTITY,SCOPE1_SOLVENTS_TCO2_QUANTITY,SCOPE2_MARKET_BASED_EV_CHARGING_TCO2_QUANTITY,SCOPE2_TOTAL_LOCATION_BASED_TCO2_QUANTITY,SCOPE2_TOTAL_MARKET_BASED_TCO2_QUANTITY,SHE_SITE_NAME,SRC_SYS_NM
1,1,Scope 1 & 2,2022,11.86,43.08,76.94,28.79,9.28,9.15,2.07,63.77,17.86,"Macclesfield, UK",ENABLON
2,1,Scope 1 & 2,2022,14.79,35.64,71.68,26.36,9.92,9.01,1.03,51.42,11.6,"Macclesfield, UK",ENABLON
3,1,Scope 1 & 2,2022,11.23,33.81,63.32,25.54,7.25,8.96,1.07,62.05,10.34,"Macclesfield, UK",ENABLON
4,2,Scope 1 & 2,2022,15.36,44.77,82.61,26.53,8.3,9.62,3.14,64.75,22.8,"Macclesfield, UK",ENABLON
5,2,Scope 1 & 2,2022,12.03,37.95,68.59,21.13,7.47,6.94,1.44,63.91,21.02,"Macclesfield, UK",ENABLON
6,2,Scope 1 & 2,2022,14.78,30.34,63.04,20.74,7.79,7.73,1.55,62.45,12.0,"Macclesfield, UK",ENABLON
7,3,Scope 1 & 2,2022,12.86,38.96,72.79,22.78,9.44,7.48,2.19,56.22,20.23,"Macclesfield, UK",ENABLON
8,3,Scope 1 & 2,2022,16.24,39.89,74.06,28.69,8.28,6.85,1.12,65.25,14.0,"Macclesfield, UK",ENABLON
9,3,Scope 1 & 2,2022,11.33,33.1,64.13,21.22,7.28,9.45,2.09,54.82,14.85,"Macclesfield, UK",ENABLON
10,4,Scope 1 & 2,2022,13.56,40.06,73.77,26.96,9.2,7.67,1.11,56.61,16.38,"Macclesfield, UK",ENABLON
11,4,Scope 1 & 2,2022,14.53,35.57,69.12,22.57,9.14,6.63,1.61,49.35,16.25,"Macclesfield, UK",ENABLON
12,4,Scope 1 & 2,2022,15.24,43.01,78.14,25.96,8.72,6.91,1.88,54.69,21.31,"Macclesfield, UK",ENABLON
1,1,Scope 1 & 2,2023,10.34,35.3,61.87,21.68,6.13,6.7,1.18,48.62,17.02,"Macclesfield, UK",ENABLON
2,1,Scope 1 & 2,2023,13.58,25.99,57.13,20.54,8.2,8.0,0.6,49.08,6.81,"Macclesfield, UK",ENABLON
3,1,Scope 1 & 2,2023,13.14,38.01,67.8,25.79,7.0,6.6,1.67,47.96,15.27,"Macclesfield, UK",ENABLON
4,2,Scope 1 & 2,2023,11.86,37.46,67.76,27.36,7.13,8.79,0.87,60.74,12.62,"Macclesfield, UK",ENABLON
5,2,Scope 1 & 2,2023,14.96,28.32,60.53,21.95,6.78,8.88,0.98,57.1,7.96,"Macclesfield, UK",ENABLON
6,2,Scope 1 & 2,2023,13.14,34.0,64.91,21.62,8.07,6.6,1.17,42.65,15.48,"Macclesfield, UK",ENABLON
7,3,Scope 1 & 2,2023,12.86,32.05,60.43,27.35,8.1,6.24,0.7,55.55,5.88,"Macclesfield, UK",ENABLON
8,3,Scope 1 & 2,2023,12.26,34.4,64.22,23.27,7.53,7.25,1.57,45.08,13.91,"Macclesfield, UK",ENABLON
9,3,Scope 1 & 2,2023,11.68,30.48,58.71,24.32,6.91,8.1,1.02,54.55,7.7,"Macclesfield, UK",ENABLON
10,4,Scope 1 & 2,2023,10.68,24.97,51.78,19.34,6.44,8.28,0.49,44.1,7.04,"Macclesfield, UK",ENABLON
11,4,Scope 1 & 2,2023,11.48,24.41,52.87,20.11,8.23,7.68,0.54,48.06,5.37,"Macclesfield, UK",ENABLON
12,4,Scope 1 & 2,2023,11.2,37.94,68.33,21.29,6.1,8.93,2.78,55.93,20.81,"Macclesfield, UK",ENABLON
1,1,Scope 1 & 2,2024,12.37,22.86,49.54,17.43,6.98,5.97,0.51,52.06,6.79,"Macclesfield, UK",ENABLON
2,1,Scope 1 & 2,2024,10.34,24.05,50.77,19.15,6.85,8.31,0.33,40.14,6.12,"Macclesfield, UK",ENABLON
3,1,Scope 1 & 2,2024,10.61,29.78,58.41,19.29,7.61,7.79,0.72,40.05,13.11,"Macclesfield, UK",ENABLON
4,2,Scope 1 & 2,2024,13.21,28.78,58.61,18.1,6.55,7.4,1.84,46.6,13.35,"Macclesfield, UK",ENABLON
5,2,Scope 1 & 2,2024,9.7,26.42,52.68,18.2,6.67,7.83,0.91,56.63,10.28,"Macclesfield, UK",ENABLON
6,2,Scope 1 & 2,2024,13.21,32.07,63.33,22.09,7.78,7.78,0.7,40.39,12.47,"Macclesfield, UK",ENABLON
7,3,Scope 1 & 2,2024,13.63,33.16,63.24,20.15,7.2,6.0,1.11,53.57,16.26,"Macclesfield, UK",ENABLON
8,3,Scope 1 & 2,2024,11.03,33.94,63.24,16.92,7.46,6.56,1.34,54.26,21.27,"Macclesfield, UK",ENABLON
9,3,Scope 1 & 2,2024,13.53,26.83,53.6,20.11,5.69,5.87,1.01,43.23,8.4,"Macclesfield, UK",ENABLON
10,4,Scope 1 & 2,2024,12.41,35.19,65.85,21.49,7.13,7.69,1.44,56.92,17.13,"Macclesfield, UK",ENABLON
11,4,Scope 1 & 2,2024,11.69,24.48,52.83,17.47,7.4,7.51,1.03,42.98,8.76,"Macclesfield, UK",ENABLON
12,4,Scope 1 & 2,2024,11.05,30.55,60.1,21.34,8.31,7.89,0.76,39.27,11.51,"Macclesfield, UK",ENABLON
1,1,Scope 1 & 2,2025,11.94,27.59,53.4,21.65,5.22,7.17,1.09,43.09,7.42,"Macclesfield, UK",ENABLON
2,1,Scope 1 & 2,2025,8.59,27.3,49.36,19.95,6.04,5.59,1.2,38.65,9.19,"Macclesfield, UK",ENABLON
3,1,Scope 1 & 2,2025,10.26,28.68,54.01,18.46,5.33,7.18,0.77,43.19,12.78,"Macclesfield, UK",ENABLON
4,2,Scope 1 & 2,2025,10.11,25.39,49.76,15.09,5.26,6.43,1.04,45.04,12.87,"Macclesfield, UK",ENABLON
5,2,Scope 1 & 2,2025,10.51,23.96,48.39,20.16,7.42,5.55,0.34,40.87,4.75,"Macclesfield, UK",ENABLON
6,2,Scope 1 & 2,2025,10.29,31.35,57.19,19.77,6.22,6.44,0.89,45.96,14.47,"Macclesfield, UK",ENABLON
7,3,Scope 1 & 2,2025,11.57,25.37,51.57,17.67,7.12,5.59,0.98,51.27,9.62,"Macclesfield, UK",ENABLON
8,3,Scope 1 & 2,2025,11.33,28.23,53.06,16.33,5.38,5.15,0.9,46.99,14.87,"Macclesfield, UK",ENABLON
9,3,Scope 1 & 2,2025,10.94,33.48,58.78,22.11,6.02,5.5,1.73,42.49,14.21,"Macclesfield, UK",ENABLON
10,4,Scope 1 & 2,2025,8.84,33.96,58.98,22.08,7.14,6.07,1.41,44.77,14.85,"Macclesfield, UK",ENABLON
11,4,Scope 1 & 2,2025,11.14,20.12,45.98,16.11,6.28,7.44,0.72,43.76,5.01,"Macclesfield, UK",ENABLON
12,4,Scope 1 & 2,2025,11.9,27.17,54.72,18.93,7.35,6.24,1.27,37.65,10.3,"Macclesfield, UK",ENABLON
1,1,Scope 1 & 2,2022,5.4,32.55,50.3,9.37,2.97,3.59,3.66,77.31,28.97,"Gothenburg, Sweden",ENABLON
2,1,Scope 1 & 2,2022,4.72,21.02,34.97,11.11,3.06,3.69,1.49,55.35,12.39,"Gothenburg, Sweden",ENABLON
3,1,Scope 1 & 2,2022,5.71,31.52,49.03,10.1,3.57,2.87,3.03,70.36,26.78,"Gothenburg, Sweden",ENABLON
4,2,Scope 1 & 2,2022,4.57,30.45,46.68,8.57,2.92,3.27,3.15,69.34,27.35,"Gothenburg, Sweden",ENABLON
5,2,Scope 1 & 2,2022,6.15,19.11,33.54,10.08,2.9,3.12,1.11,54.89,11.29,"Gothenburg, Sweden",ENABLON
6,2,Scope 1 & 2,2022,5.34,20.0,34.83,9.04,3.43,3.32,1.85,73.72,13.7,"Gothenburg, Sweden",ENABLON
7,3,Scope 1 & 2,2022,5.83,16.43,30.29,7.57,2.67,3.14,1.39,69.28,11.08,"Gothenburg, Sweden",ENABLON
8,3,Scope 1 & 2,2022,4.49,18.95,32.46,8.42,3.54,2.85,1.65,69.81,13.16,"Gothenburg, Sweden",ENABLON
9,3,Scope 1 & 2,2022,4.22,28.3,44.72,7.86,3.58,3.51,3.17,71.08,25.55,"Gothenburg, Sweden",ENABLON
10,4,Scope 1 & 2,2022,5.32,24.63,39.78,10.41,3.49,2.79,2.53,59.36,17.77,"Gothenburg, Sweden",ENABLON
11,4,Scope 1 & 2,2022,4.96,16.63,29.54,11.13,2.88,3.69,0.52,66.22,6.88,"Gothenburg, Sweden",ENABLON
12,4,Scope 1 & 2,2022,5.44,29.55,46.69,10.73,3.53,3.47,2.7,75.54,23.52,"Gothenburg, Sweden",ENABLON
1,1,Scope 1 & 2,2023,5.27,19.62,33.65,8.96,3.18,2.92,0.9,70.76,13.32,"Gothenburg, Sweden",ENABLON
2,1,Scope 1 & 2,2023,5.13,17.86,30.97,7.48,2.88,2.51,1.37,56.75,12.97,"Gothenburg, Sweden",ENABLON
3,1,Scope 1 & 2,2023,4.07,15.34,26.93,7.76,2.67,2.96,0.62,64.68,9.47,"Gothenburg, Sweden",ENABLON
4,2,Scope 1 & 2,2023,4.44,22.65,35.58,10.09,3.0,2.35,1.68,63.54,15.7,"Gothenburg, Sweden",ENABLON
5,2,Scope 1 & 2,2023,4.51,13.0,24.51,7.98,2.55,3.19,0.63,52.13,6.28,"Gothenburg, Sweden",ENABLON
6,2,Scope 1 & 2,2023,4.62,15.63,27.82,7.2,2.55,2.91,0.91,52.83,10.54,"Gothenburg, Sweden",ENABLON
7,3,Scope 1 & 2,2023,4.24,29.97,46.13,8.71,3.44,3.16,1.35,67.4,26.58,"Gothenburg, Sweden",ENABLON
8,3,Scope 1 & 2,2023,5.1,29.4,45.15,9.99,3.0,2.8,2.87,62.57,24.26,"Gothenburg, Sweden",ENABLON
9,3,Scope 1 & 2,2023,4.44,19.1,31.86,10.13,2.74,3.34,1.58,60.64,11.21,"Gothenburg, Sweden",ENABLON
10,4,Scope 1 & 2,2023,5.39,24.06,38.58,9.64,2.8,2.72,1.25,48.79,18.03,"Gothenburg, Sweden",ENABLON
11,4,Scope 1 & 2,2023,4.81,12.41,25.23,7.46,3.39,3.38,0.35,60.58,6.19,"Gothenburg, Sweden",ENABLON
12,4,Scope 1 & 2,2023,5.1,20.36,34.04,9.86,2.78,3.18,1.58,50.22,13.12,"Gothenburg, Sweden",ENABLON
1,1,Scope 1 & 2,2024,5.19,15.31,28.24,8.31,3.08,2.91,0.84,59.87,8.75,"Gothenburg, Sweden",ENABLON
2,1,Scope 1 & 2,2024,4.07,18.6,30.83,6.45,2.93,2.19,1.11,55.75,15.19,"Gothenburg, Sweden",ENABLON
3,1,Scope 1 & 2,2024,3.94,18.88,30.53,8.26,2.55,2.5,1.37,43.96,13.28,"Gothenburg, Sweden",ENABLON
4,2,Scope 1 & 2,2024,4.61,14.4,25.89,8.66,2.71,2.74,1.02,58.87,7.17,"Gothenburg, Sweden",ENABLON
5,2,Scope 1 & 2,2024,3.68,18.38,29.95,7.23,2.18,2.92,1.25,60.27,13.94,"Gothenburg, Sweden",ENABLON
6,2,Scope 1 & 2,2024,4.64,22.1,35.11,7.96,2.24,2.59,1.85,52.11,17.68,"Gothenburg, Sweden",ENABLON
7,3,Scope 1 & 2,2024,5.17,23.95,38.3,8.41,3.05,2.25,1.7,60.92,19.42,"Gothenburg, Sweden",ENABLON
8,3,Scope 1 & 2,2024,5.15,17.78,30.26,8.03,2.22,2.67,1.26,43.7,12.19,"Gothenburg, Sweden",ENABLON
9,3,Scope 1 & 2,2024,5.14,17.77,30.65,8.63,3.04,2.41,1.31,51.08,11.43,"Gothenburg, Sweden",ENABLON
10,4,Scope 1 & 2,2024,4.39,12.89,23.99,6.98,2.97,2.26,0.96,47.83,7.39,"Gothenburg, Sweden",ENABLON
11,4,Scope 1 & 2,2024,4.98,20.58,34.53,9.21,3.14,2.99,1.12,53.64,14.21,"Gothenburg, Sweden",ENABLON
12,4,Scope 1 & 2,2024,3.61,14.18,24.0,8.56,2.6,2.2,0.81,50.8,7.03,"Gothenburg, Sweden",ENABLON
1,1,Scope 1 & 2,2025,3.32,19.26,30.01,8.24,2.2,2.48,1.11,48.33,13.77,"Gothenburg, Sweden",ENABLON
2,1,Scope 1 & 2,2025,4.08,10.61,20.28,6.72,2.19,2.43,0.36,47.88,4.86,"Gothenburg, Sweden",ENABLON
3,1,Scope 1 & 2,2025,3.51,17.69,29.18,6.92,2.69,2.6,1.85,42.09,13.46,"Gothenburg, Sweden",ENABLON
4,2,Scope 1 & 2,2025,3.89,16.23,27.19,6.55,2.42,2.23,1.62,42.9,12.1,"Gothenburg, Sweden",ENABLON
5,2,Scope 1 & 2,2025,4.51,12.82,22.9,7.22,2.14,2.03,0.4,56.92,7.0,"Gothenburg, Sweden",ENABLON
6,2,Scope 1 & 2,2025,3.19,16.28,26.93,5.77,2.45,2.38,1.85,47.43,13.14,"Gothenburg, Sweden",ENABLON
7,3,Scope 1 & 2,2025,4.03,17.7,28.78,8.52,2.34,2.41,0.83,54.73,11.48,"Gothenburg, Sweden",ENABLON
8,3,Scope 1 & 2,2025,4.38,15.18,26.66,6.51,2.34,2.59,1.09,49.5,10.84,"Gothenburg, Sweden",ENABLON
9,3,Scope 1 & 2,2025,4.2,16.67,28.22,7.98,2.48,2.7,1.03,42.71,10.86,"Gothenburg, Sweden",ENABLON
10,4,Scope 1 & 2,2025,3.44,18.14,29.82,7.56,2.81,2.79,1.14,53.95,13.22,"Gothenburg, Sweden",ENABLON
11,4,Scope 1 & 2,2025,3.5,11.08,20.49,5.86,2.24,2.36,0.92,40.28,6.53,"Gothenburg, Sweden",ENABLON
12,4,Scope 1 & 2,2025,3.73,16.25,26.58,6.98,1.94,2.34,1.4,58.78,11.59,"Gothenburg, Sweden",ENABLON
1,1,Scope 1 & 2,2022,10.9,36.24,62.04,17.61,5.02,5.22,2.69,111.1,23.29,"Gaithersburg, USA",ENABLON
2,1,Scope 1 & 2,2022,10.91,33.8,61.57,16.45,6.71,5.81,2.97,105.35,21.69,"Gaithersburg, USA",ENABLON
3,1,Scope 1 & 2,2022,9.56,28.75,52.49,18.03,5.77,5.73,0.77,89.55,13.4,"Gaithersburg, USA",ENABLON
4,2,Scope 1 & 2,2022,10.17,27.48,51.28,15.14,5.45,5.1,1.13,113.77,15.42,"Gaithersburg, USA",ENABLON
5,2,Scope 1 & 2,2022,10.81,28.16,53.72,17.18,5.72,6.28,1.83,92.56,13.73,"Gaithersburg, USA",ENABLON
6,2,Scope 1 & 2,2022,7.78,27.66,47.6,17.82,4.99,4.71,1.32,110.09,12.3,"Gaithersburg, USA",ENABLON
7,3,Scope 1 & 2,2022,7.91,38.51,64.32,15.09,6.83,5.21,1.52,108.83,29.28,"Gaithersburg, USA",ENABLON
8,3,Scope 1 & 2,2022,10.46,48.44,78.01,15.81,4.81,6.14,5.58,102.54,40.79,"Gaithersburg, USA",ENABLON
9,3,Scope 1 & 2,2022,8.35,32.61,57.59,18.01,6.45,6.53,2.12,118.08,18.25,"Gaithersburg, USA",ENABLON
10,4,Scope 1 & 2,2022,8.71,30.88,55.2,16.22,5.66,6.29,1.62,108.46,18.32,"Gaithersburg, USA",ENABLON
11,4,Scope 1 & 2,2022,8.11,31.54,53.45,19.8,5.78,5.08,0.88,101.31,14.68,"Gaithersburg, USA",ENABLON
12,4,Scope 1 & 2,2022,9.52,25.46,50.27,14.12,6.42,6.03,1.39,104.81,14.18,"Gaithersburg, USA",ENABLON
1,1,Scope 1 & 2,2023,7.54,43.21,68.73,18.01,6.15,5.53,3.22,106.88,31.5,"Gaithersburg, USA",ENABLON
2,1,Scope 1 & 2,2023,8.39,45.2,69.93,16.11,4.73,4.34,3.2,107.94,36.36,"Gaithersburg, USA",ENABLON
3,1,Scope 1 & 2,2023,9.16,26.65,49.63,17.59,5.73,5.82,1.11,80.8,11.33,"Gaithersburg, USA",ENABLON
4,2,Scope 1 & 2,2023,7.9,26.17,49.16,14.54,6.11,6.07,1.76,92.78,14.54,"Gaithersburg, USA",ENABLON
5,2,Scope 1 & 2,2023,9.87,38.55,64.41,13.49,4.26,5.47,2.56,102.25,31.32,"Gaithersburg, USA",ENABLON
6,2,Scope 1 & 2,2023,8.36,36.87,59.57,16.89,4.78,4.57,2.16,109.97,24.97,"Gaithersburg, USA",ENABLON
7,3,Scope 1 & 2,2023,8.05,38.54,62.65,17.55,5.12,5.69,2.28,107.23,26.24,"Gaithersburg, USA",ENABLON
8,3,Scope 1 & 2,2023,9.04,41.43,66.91,14.69,4.98,4.78,4.53,104.21,33.42,"Gaithersburg, USA",ENABLON
9,3,Scope 1 & 2,2023,9.41,26.52,50.23,15.58,5.73,5.83,1.23,83.27,13.68,"Gaithersburg, USA",ENABLON
10,4,Scope 1 & 2,2023,8.27,43.11,69.03,17.18,5.75,5.42,1.64,83.23,32.41,"Gaithersburg, USA",ENABLON
11,4,Scope 1 & 2,2023,7.4,29.23,49.0,18.64,5.17,4.55,0.77,79.5,13.24,"Gaithersburg, USA",ENABLON
12,4,Scope 1 & 2,2023,7.21,43.36,67.27,19.01,5.55,5.06,3.34,97.1,30.44,"Gaithersburg, USA",ENABLON
1,1,Scope 1 & 2,2024,9.52,33.75,58.07,15.35,4.73,5.47,3.0,77.43,23.0,"Gaithersburg, USA",ENABLON
2,1,Scope 1 & 2,2024,7.39,24.59,43.17,15.12,4.88,3.94,0.63,78.48,11.84,"Gaithersburg, USA",ENABLON
3,1,Scope 1 & 2,2024,7.23,28.65,49.6,12.55,5.81,3.88,1.8,97.76,20.13,"Gaithersburg, USA",ENABLON
4,2,Scope 1 & 2,2024,8.36,26.82,46.79,15.92,4.01,4.88,1.81,73.51,13.62,"Gaithersburg, USA",ENABLON
5,2,Scope 1 & 2,2024,9.42,28.85,50.13,17.23,4.41,4.55,2.08,91.66,14.52,"Gaithersburg, USA",ENABLON
6,2,Scope 1 & 2,2024,8.32,24.98,44.5,14.0,4.08,4.38,1.99,72.88,13.72,"Gaithersburg, USA",ENABLON
7,3,Scope 1 & 2,2024,9.06,39.07,64.89,16.73,5.45,5.73,4.09,90.56,27.92,"Gaithersburg, USA",ENABLON
8,3,Scope 1 & 2,2024,8.28,32.52,56.03,16.04,5.74,5.37,2.24,86.47,20.6,"Gaithersburg, USA",ENABLON
9,3,Scope 1 & 2,2024,6.55,37.55,59.69,12.02,5.11,4.1,2.33,105.3,31.91,"Gaithersburg, USA",ENABLON
10,4,Scope 1 & 2,2024,7.48,28.53,49.12,14.63,3.9,5.73,1.03,99.6,17.38,"Gaithersburg, USA",ENABLON
11,4,Scope 1 & 2,2024,8.64,26.43,49.81,12.07,5.68,5.47,2.5,87.1,17.95,"Gaithersburg, USA",ENABLON
12,4,Scope 1 & 2,2024,7.33,26.84,48.33,15.6,5.64,5.71,1.74,87.89,14.05,"Gaithersburg, USA",ENABLON
1,1,Scope 1 & 2,2025,8.4,21.37,40.04,11.59,3.95,3.87,0.74,83.32,12.23,"Gaithersburg, USA",ENABLON
2,1,Scope 1 & 2,2025,8.54,32.47,54.9,14.01,4.58,4.69,1.25,87.96,23.08,"Gaithersburg, USA",ENABLON
3,1,Scope 1 & 2,2025,7.26,39.7,63.45,13.11,5.24,4.6,3.29,92.18,33.24,"Gaithersburg, USA",ENABLON
4,2,Scope 1 & 2,2025,8.72,19.62,39.26,12.0,3.9,5.11,1.24,81.99,9.53,"Gaithersburg, USA",ENABLON
5,2,Scope 1 & 2,2025,7.24,23.59,42.1,13.17,4.2,4.46,1.92,85.48,13.03,"Gaithersburg, USA",ENABLON
6,2,Scope 1 & 2,2025,7.89,29.58,49.17,14.15,3.53,4.31,1.59,70.34,19.29,"Gaithersburg, USA",ENABLON
7,3,Scope 1 & 2,2025,7.64,31.27,51.26,13.41,3.92,3.96,1.93,78.64,22.33,"Gaithersburg, USA",ENABLON
8,3,Scope 1 & 2,2025,7.3,27.57,46.25,14.21,4.16,3.88,1.14,90.82,16.7,"Gaithersburg, USA",ENABLON
9,3,Scope 1 & 2,2025,6.23,21.59,38.49,11.73,3.68,4.52,1.15,72.23,12.33,"Gaithersburg, USA",ENABLON
10,4,Scope 1 & 2,2025,6.96,26.5,43.72,15.57,3.77,3.76,1.37,89.27,13.66,"Gaithersburg, USA",ENABLON
11,4,Scope 1 & 2,2025,8.76,26.71,48.61,13.24,4.77,5.0,1.79,88.63,16.84,"Gaithersburg, USA",ENABLON
12,4,Scope 1 & 2,2025,7.51,31.56,51.24,14.16,3.61,4.21,2.46,89.53,21.75,"Gaithersburg, USA",ENABLON
1,1,Scope 1 & 2,2022,8.32,23.9,43.72,18.6,4.77,5.41,0.91,48.57,6.62,"Cambridge, UK",ENABLON
2,1,Scope 1 & 2,2022,10.44,30.32,54.5,16.34,5.6,4.65,1.49,52.29,17.47,"Cambridge, UK",ENABLON
3,1,Scope 1 & 2,2022,9.42,25.88,48.8,17.36,6.11,5.26,1.21,57.26,10.65,"Cambridge, UK",ENABLON
4,2,Scope 1 & 2,2022,7.56,31.55,52.07,17.81,4.94,4.58,2.32,63.28,17.18,"Cambridge, UK",ENABLON
5,2,Scope 1 & 2,2022,7.3,22.08,40.84,14.14,4.9,4.57,1.14,55.1,9.93,"Cambridge, UK",ENABLON
6,2,Scope 1 & 2,2022,8.0,37.55,60.57,18.16,5.0,5.17,2.22,62.21,24.24,"Cambridge, UK",ENABLON
7,3,Scope 1 & 2,2022,7.7,34.84,56.84,17.3,5.63,4.28,1.27,70.71,21.93,"Cambridge, UK",ENABLON
8,3,Scope 1 & 2,2022,7.64,18.38,37.88,13.09,6.09,4.45,0.59,61.28,6.61,"Cambridge, UK",ENABLON
9,3,Scope 1 & 2,2022,9.74,33.02,56.4,14.35,4.56,4.41,1.89,63.84,23.34,"Cambridge, UK",ENABLON
10,4,Scope 1 & 2,2022,7.92,22.59,41.33,16.66,4.51,4.83,0.86,68.26,7.41,"Cambridge, UK",ENABLON
11,4,Scope 1 & 2,2022,10.08,24.59,48.1,15.71,6.29,4.92,1.05,61.1,11.1,"Cambridge, UK",ENABLON
12,4,Scope 1 & 2,2022,10.47,28.53,53.87,13.81,5.49,5.7,1.96,63.27,18.4,"Cambridge, UK",ENABLON
1,1,Scope 1 & 2,2023,8.18,28.82,50.55,13.48,4.57,5.14,1.81,56.19,19.18,"Cambridge, UK",ENABLON
2,1,Scope 1 & 2,2023,7.67,31.1,51.47,13.44,3.89,4.4,1.86,62.29,22.07,"Cambridge, UK",ENABLON
3,1,Scope 1 & 2,2023,8.01,21.55,40.33,17.05,5.73,3.91,0.52,54.8,5.63,"Cambridge, UK",ENABLON
4,2,Scope 1 & 2,2023,7.43,23.16,42.41,11.71,4.62,4.34,1.28,53.36,14.31,"Cambridge, UK",ENABLON
5,2,Scope 1 & 2,2023,7.01,23.03,42.26,13.95,4.63,5.32,0.84,50.07,11.35,"Cambridge, UK",ENABLON
6,2,Scope 1 & 2,2023,8.96,29.45,52.55,16.39,5.22,5.66,2.14,50.55,16.32,"Cambridge, UK",ENABLON
7,3,Scope 1 & 2,2023,7.82,26.06,47.21,12.74,4.45,5.55,1.29,58.34,16.65,"Cambridge, UK",ENABLON
8,3,Scope 1 & 2,2023,8.5,18.78,37.28,11.79,3.99,4.26,0.53,56.08,8.74,"Cambridge, UK",ENABLON
9,3,Scope 1 & 2,2023,7.36,25.36,44.7,15.92,4.34,5.28,0.99,47.58,11.8,"Cambridge, UK",ENABLON
10,4,Scope 1 & 2,2023,7.5,27.33,47.53,17.5,4.79,5.45,1.65,61.76,12.29,"Cambridge, UK",ENABLON
11,4,Scope 1 & 2,2023,9.57,23.1,42.42,16.2,4.03,4.0,1.16,54.65,8.62,"Cambridge, UK",ENABLON
12,4,Scope 1 & 2,2023,9.13,25.57,48.89,12.38,5.39,5.5,1.55,49.76,16.49,"Cambridge, UK",ENABLON
1,1,Scope 1 & 2,2024,8.1,29.19,49.84,13.11,4.92,3.61,1.96,50.93,20.1,"Cambridge, UK",ENABLON
2,1,Scope 1 & 2,2024,7.94,24.96,44.83,12.38,4.67,4.11,1.61,41.25,15.73,"Cambridge, UK",ENABLON
3,1,Scope 1 & 2,2024,6.67,19.37,37.77,11.72,5.13,4.69,0.59,57.85,9.56,"Cambridge, UK",ENABLON
4,2,Scope 1 & 2,2024,7.79,23.09,41.93,11.55,4.04,4.13,0.73,42.82,14.42,"Cambridge, UK",ENABLON
5,2,Scope 1 & 2,2024,6.05,18.05,34.87,13.19,4.61,4.94,0.4,47.9,6.08,"Cambridge, UK",ENABLON
6,2,Scope 1 & 2,2024,6.19,20.62,38.03,15.62,5.32,4.65,0.72,53.03,6.25,"Cambridge, UK",ENABLON
7,3,Scope 1 & 2,2024,8.0,27.55,48.53,11.33,3.97,4.96,2.55,60.23,20.27,"Cambridge, UK",ENABLON
8,3,Scope 1 & 2,2024,8.31,17.04,35.8,11.69,4.78,4.33,0.94,47.64,6.69,"Cambridge, UK",ENABLON
9,3,Scope 1 & 2,2024,7.36,17.75,35.61,12.23,4.79,4.33,0.58,44.23,6.9,"Cambridge, UK",ENABLON
10,4,Scope 1 & 2,2024,8.09,20.07,38.63,15.09,5.18,4.04,0.41,51.6,6.23,"Cambridge, UK",ENABLON
11,4,Scope 1 & 2,2024,6.8,21.72,38.37,12.61,3.55,4.02,0.78,53.29,11.39,"Cambridge, UK",ENABLON
12,4,Scope 1 & 2,2024,5.98,27.87,46.17,14.79,3.98,5.07,1.7,54.96,16.35,"Cambridge, UK",ENABLON
1,1,Scope 1 & 2,2025,6.39,19.56,35.99,12.04,4.1,4.06,1.07,47.76,9.4,"Cambridge, UK",ENABLON
2,1,Scope 1 & 2,2025,5.65,21.23,38.32,9.96,4.56,4.06,0.99,38.92,14.09,"Cambridge, UK",ENABLON
3,1,Scope 1 & 2,2025,6.66,22.42,39.51,12.4,4.56,3.37,1.5,48.58,12.52,"Cambridge, UK",ENABLON
4,2,Scope 1 & 2,2025,6.04,19.53,34.44,12.56,3.33,3.8,0.86,53.55,8.71,"Cambridge, UK",ENABLON
5,2,Scope 1 & 2,2025,7.74,27.76,45.72,13.5,3.31,3.34,1.63,46.75,17.83,"Cambridge, UK",ENABLON
6,2,Scope 1 & 2,2025,6.35,17.23,32.47,13.61,3.64,4.35,0.36,37.3,4.52,"Cambridge, UK",ENABLON
7,3,Scope 1 & 2,2025,7.89,15.92,34.4,10.11,4.38,4.76,0.75,46.27,7.26,"Cambridge, UK",ENABLON
8,3,Scope 1 & 2,2025,6.02,15.16,30.98,10.51,4.42,4.22,0.66,44.14,5.81,"Cambridge, UK",ENABLON
9,3,Scope 1 & 2,2025,6.32,17.73,33.85,12.85,4.63,3.95,0.55,39.6,6.1,"Cambridge, UK",ENABLON
10,4,Scope 1 & 2,2025,6.26,21.15,36.48,14.46,3.93,3.47,1.25,42.99,8.36,"Cambridge, UK",ENABLON
11,4,Scope 1 & 2,2025,6.23,24.59,41.36,13.33,3.91,3.81,1.5,49.82,14.08,"Cambridge, UK",ENABLON
12,4,Scope 1 & 2,2025,5.93,24.25,40.78,14.11,3.62,4.44,1.14,54.13,12.68,"Cambridge, UK",ENABLON
1,1,Scope 1 & 2,2022,12.38,40.22,70.02,25.69,6.59,7.2,2.46,109.0,18.16,"Shanghai, China",ENABLON
2,1,Scope 1 & 2,2022,9.64,48.93,79.61,23.09,6.51,8.07,4.61,121.01,32.3,"Shanghai, China",ENABLON
3,1,Scope 1 & 2,2022,10.27,44.87,73.25,20.22,6.12,5.83,2.26,112.17,30.81,"Shanghai, China",ENABLON
4,2,Scope 1 & 2,2022,13.4,53.46,89.42,20.6,8.35,5.99,5.31,129.57,41.08,"Shanghai, China",ENABLON
5,2,Scope 1 & 2,2022,10.36,53.79,87.28,23.09,7.37,8.08,3.07,137.78,38.38,"Shanghai, China",ENABLON
6,2,Scope 1 & 2,2022,13.02,39.3,70.94,17.84,5.88,7.37,3.53,131.3,26.83,"Shanghai, China",ENABLON
7,3,Scope 1 & 2,2022,11.52,52.86,86.01,24.63,6.37,8.2,1.8,125.71,35.29,"Shanghai, China",ENABLON
8,3,Scope 1 & 2,2022,13.24,33.73,63.12,19.78,5.84,6.82,1.75,120.36,17.44,"Shanghai, China",ENABLON
9,3,Scope 1 & 2,2022,10.59,49.27,79.04,23.45,6.85,5.87,3.24,115.89,32.28,"Shanghai, China",ENABLON
10,4,Scope 1 & 2,2022,10.6,41.97,70.58,20.55,6.1,6.55,1.47,98.68,26.78,"Shanghai, China",ENABLON
11,4,Scope 1 & 2,2022,11.44,32.81,61.0,21.47,7.94,5.97,1.5,100.95,14.18,"Shanghai, China",ENABLON
12,4,Scope 1 & 2,2022,11.86,36.88,68.32,18.85,7.48,7.59,1.29,129.63,22.54,"Shanghai, China",ENABLON
1,1,Scope 1 & 2,2023,12.18,44.25,73.34,23.09,5.5,6.12,2.24,116.48,26.45,"Shanghai, China",ENABLON
2,1,Scope 1 & 2,2023,10.18,45.66,76.16,15.98,6.07,6.83,5.53,130.25,37.1,"Shanghai, China",ENABLON
3,1,Scope 1 & 2,2023,10.71,32.42,60.27,16.15,7.42,5.65,2.56,95.9,20.34,"Shanghai, China",ENABLON
4,2,Scope 1 & 2,2023,12.51,53.03,88.06,16.22,7.76,5.56,6.07,127.59,46.01,"Shanghai, China",ENABLON
5,2,Scope 1 & 2,2023,8.83,28.15,53.39,16.67,6.45,7.09,1.49,88.18,14.35,"Shanghai, China",ENABLON
6,2,Scope 1 & 2,2023,9.67,31.4,57.64,17.84,6.54,6.64,2.03,119.01,16.95,"Shanghai, China",ENABLON
7,3,Scope 1 & 2,2023,8.85,35.05,59.58,21.03,5.38,6.8,2.26,94.62,17.52,"Shanghai, China",ENABLON
8,3,Scope 1 & 2,2023,11.48,36.07,62.02,20.96,5.29,5.4,2.55,104.13,18.89,"Shanghai, China",ENABLON
9,3,Scope 1 & 2,2023,11.67,31.59,62.26,15.94,7.55,7.54,1.72,115.5,19.56,"Shanghai, China",ENABLON
10,4,Scope 1 & 2,2023,13.06,32.05,61.63,18.28,7.55,5.53,1.72,110.36,17.21,"Shanghai, China",ENABLON
11,4,Scope 1 & 2,2023,10.78,33.61,62.42,15.96,5.92,7.7,1.97,110.27,22.06,"Shanghai, China",ENABLON
12,4,Scope 1 & 2,2023,9.46,49.26,79.48,18.57,6.91,6.18,3.84,97.49,38.36,"Shanghai, China",ENABLON
1,1,Scope 1 & 2,2024,11.26,30.5,57.46,20.75,6.95,6.31,1.29,112.04,12.19,"Shanghai, China",ENABLON
2,1,Scope 1 & 2,2024,9.13,35.16,59.42,20.89,6.39,5.17,2.61,83.1,17.84,"Shanghai, China",ENABLON
3,1,Scope 1 & 2,2024,10.46,42.88,71.73,16.06,5.38,6.31,4.73,85.69,33.52,"Shanghai, China",ENABLON
4,2,Scope 1 & 2,2024,9.33,43.43,70.89,15.91,5.14,6.11,4.69,101.16,34.4,"Shanghai, China",ENABLON
5,2,Scope 1 & 2,2024,9.25,55.66,85.91,18.2,5.13,6.5,3.02,119.24,46.83,"Shanghai, China",ENABLON
6,2,Scope 1 & 2,2024,11.75,29.44,57.53,16.71,6.15,7.01,1.3,117.37,15.91,"Shanghai, China",ENABLON
7,3,Scope 1 & 2,2024,11.53,37.11,66.4,19.94,6.92,6.55,2.02,96.09,21.46,"Shanghai, China",ENABLON
8,3,Scope 1 & 2,2024,11.75,32.84,59.93,21.15,5.46,6.96,1.0,110.62,14.61,"Shanghai, China",ENABLON
9,3,Scope 1 & 2,2024,11.06,28.4,54.92,16.34,6.17,6.28,1.79,88.8,15.07,"Shanghai, China",ENABLON
10,4,Scope 1 & 2,2024,9.45,43.87,72.29,17.86,6.01,6.46,2.84,103.68,32.51,"Shanghai, China",ENABLON
11,4,Scope 1 & 2,2024,11.42,36.72,64.73,15.41,5.27,5.99,1.37,80.89,26.64,"Shanghai, China",ENABLON
12,4,Scope 1 & 2,2024,9.09,30.29,54.99,19.77,7.18,5.8,1.88,109.77,13.15,"Shanghai, China",ENABLON
1,1,Scope 1 & 2,2025,10.82,28.56,53.75,16.24,5.06,6.23,1.39,88.51,15.4,"Shanghai, China",ENABLON
2,1,Scope 1 & 2,2025,7.4,39.81,64.26,15.53,5.03,5.95,3.32,94.05,30.35,"Shanghai, China",ENABLON
3,1,Scope 1 & 2,2025,9.15,42.76,69.79,18.18,5.48,6.25,1.67,88.29,30.73,"Shanghai, China",ENABLON
4,2,Scope 1 & 2,2025,10.86,34.41,61.39,15.63,5.95,5.48,2.65,92.11,23.47,"Shanghai, China",ENABLON
5,2,Scope 1 & 2,2025,7.43,35.06,57.34,15.64,5.01,4.98,2.24,101.83,24.28,"Shanghai, China",ENABLON
6,2,Scope 1 & 2,2025,9.47,35.62,59.02,16.42,4.66,4.47,2.93,101.91,24.0,"Shanghai, China",ENABLON
7,3,Scope 1 & 2,2025,7.66,32.94,55.95,19.16,5.86,6.04,1.64,76.9,17.23,"Shanghai, China",ENABLON
8,3,Scope 1 & 2,2025,7.9,30.08,51.49,17.7,4.79,5.63,1.84,88.4,15.47,"Shanghai, China",ENABLON
9,3,Scope 1 & 2,2025,10.54,32.03,56.85,17.73,4.62,6.08,1.54,76.14,17.88,"Shanghai, China",ENABLON
10,4,Scope 1 & 2,2025,9.15,36.36,60.69,18.21,5.46,5.18,2.0,106.23,22.69,"Shanghai, China",ENABLON
11,4,Scope 1 & 2,2025,10.03,39.08,66.8,16.74,5.78,6.33,1.9,77.43,27.92,"Shanghai, China",ENABLON
12,4,Scope 1 & 2,2025,9.83,35.37,61.55,15.07,6.02,5.26,1.57,88.1,25.37,"Shanghai, China",ENABLON
1,1,Scope 1 & 2,2022,5.49,13.25,26.15,9.26,3.58,2.83,0.69,49.1,4.99,"Osaka, Japan",ENABLON
2,1,Scope 1 & 2,2022,4.68,18.31,31.52,9.32,3.03,3.25,0.84,40.14,11.24,"Osaka, Japan",ENABLON
3,1,Scope 1 & 2,2022,5.33,14.2,27.51,9.63,3.55,3.29,0.66,39.55,5.71,"Osaka, Japan",ENABLON
4,2,Scope 1 & 2,2022,4.26,23.39,38.13,10.04,3.56,3.58,0.92,44.37,16.69,"Osaka, Japan",ENABLON
5,2,Scope 1 & 2,2022,5.06,21.64,35.6,10.06,3.28,2.73,1.86,51.95,14.47,"Osaka, Japan",ENABLON
6,2,Scope 1 & 2,2022,4.56,15.85,28.7,9.71,3.68,3.08,0.67,40.4,7.67,"Osaka, Japan",ENABLON
7,3,Scope 1 & 2,2022,4.98,14.11,26.13,9.14,3.2,2.6,0.74,44.26,6.21,"Osaka, Japan",ENABLON
8,3,Scope 1 & 2,2022,4.76,14.87,27.52,9.51,3.38,3.17,0.82,50.42,6.7,"Osaka, Japan",ENABLON
9,3,Scope 1 & 2,2022,5.5,27.29,44.39,9.35,3.37,3.75,1.76,56.63,22.42,"Osaka, Japan",ENABLON
10,4,Scope 1 & 2,2022,5.46,14.56,27.95,9.51,3.76,2.91,0.67,45.44,6.31,"Osaka, Japan",ENABLON
11,4,Scope 1 & 2,2022,5.27,21.98,36.44,9.39,2.74,3.3,2.33,50.37,15.74,"Osaka, Japan",ENABLON
12,4,Scope 1 & 2,2022,4.19,24.84,37.97,9.89,2.66,2.54,2.8,54.98,18.69,"Osaka, Japan",ENABLON
1,1,Scope 1 & 2,2023,4.65,13.45,25.0,8.87,3.05,2.7,0.45,35.72,5.73,"Osaka, Japan",ENABLON
2,1,Scope 1 & 2,2023,5.37,17.39,30.29,8.68,2.68,2.67,0.92,35.63,10.89,"Osaka, Japan",ENABLON
3,1,Scope 1 & 2,2023,5.24,13.7,26.14,7.03,2.51,3.02,0.98,41.39,8.34,"Osaka, Japan",ENABLON
4,2,Scope 1 & 2,2023,5.61,22.89,38.03,9.17,2.87,3.23,1.78,46.66,17.15,"Osaka, Japan",ENABLON
5,2,Scope 1 & 2,2023,4.49,16.01,28.8,8.36,3.17,3.22,1.17,50.35,9.56,"Osaka, Japan",ENABLON
6,2,Scope 1 & 2,2023,4.46,22.23,36.36,7.65,3.1,2.93,1.56,49.72,18.22,"Osaka, Japan",ENABLON
7,3,Scope 1 & 2,2023,5.72,20.2,35.29,7.04,3.45,2.63,1.76,46.64,16.45,"Osaka, Japan",ENABLON
8,3,Scope 1 & 2,2023,4.6,17.39,30.04,9.92,3.18,3.0,0.5,48.04,9.34,"Osaka, Japan",ENABLON
9,3,Scope 1 & 2,2023,4.65,14.66,26.75,7.75,2.83,2.88,0.69,52.4,8.64,"Osaka, Japan",ENABLON
10,4,Scope 1 & 2,2023,4.07,13.35,24.93,9.62,3.36,3.22,0.46,43.4,4.66,"Osaka, Japan",ENABLON
11,4,Scope 1 & 2,2023,4.81,22.06,35.54,10.13,3.16,2.53,0.96,44.82,14.91,"Osaka, Japan",ENABLON
12,4,Scope 1 & 2,2023,5.53,19.8,34.08,10.18,3.09,3.26,1.15,37.87,12.02,"Osaka, Japan",ENABLON
1,1,Scope 1 & 2,2024,4.77,16.04,28.98,6.34,3.09,2.66,0.71,43.57,12.12,"Osaka, Japan",ENABLON
2,1,Scope 1 & 2,2024,4.34,16.17,27.52,7.97,2.8,2.16,0.83,37.5,10.25,"Osaka, Japan",ENABLON
3,1,Scope 1 & 2,2024,5.08,13.93,25.61,6.94,2.4,2.45,0.54,37.6,8.74,"Osaka, Japan",ENABLON
4,2,Scope 1 & 2,2024,3.78,11.65,21.92,6.37,2.77,2.4,0.56,40.76,6.6,"Osaka, Japan",ENABLON
5,2,Scope 1 & 2,2024,4.07,12.09,21.71,8.55,2.41,2.26,0.49,36.4,4.42,"Osaka, Japan",ENABLON
6,2,Scope 1 & 2,2024,4.11,11.32,21.76,6.74,2.61,2.58,0.32,43.38,5.72,"Osaka, Japan",ENABLON
7,3,Scope 1 & 2,2024,4.26,19.61,31.75,8.21,2.73,2.3,1.59,45.99,14.25,"Osaka, Japan",ENABLON
8,3,Scope 1 & 2,2024,4.06,21.47,34.54,8.58,2.82,2.97,2.02,41.08,16.11,"Osaka, Japan",ENABLON
9,3,Scope 1 & 2,2024,4.33,16.48,28.03,8.9,3.08,2.25,1.12,40.02,9.47,"Osaka, Japan",ENABLON
10,4,Scope 1 & 2,2024,4.76,17.64,29.98,7.06,2.34,2.6,1.87,46.39,13.22,"Osaka, Japan",ENABLON
11,4,Scope 1 & 2,2024,4.2,17.25,29.45,8.43,2.94,2.85,0.58,46.74,11.03,"Osaka, Japan",ENABLON
12,4,Scope 1 & 2,2024,4.35,17.89,29.54,7.79,2.29,2.48,0.79,44.88,12.63,"Osaka, Japan",ENABLON
1,1,Scope 1 & 2,2025,3.34,18.5,29.38,8.0,2.22,2.69,1.36,38.87,13.13,"Osaka, Japan",ENABLON
2,1,Scope 1 & 2,2025,3.82,15.01,25.44,7.5,2.43,2.3,0.79,43.63,9.39,"Osaka, Japan",ENABLON
3,1,Scope 1 & 2,2025,4.47,16.59,28.0,7.97,2.32,2.47,0.79,40.89,10.77,"Osaka, Japan",ENABLON
4,2,Scope 1 & 2,2025,4.23,16.49,27.19,8.39,2.46,1.98,0.98,36.48,10.13,"Osaka, Japan",ENABLON
5,2,Scope 1 & 2,2025,4.06,9.45,19.83,6.23,2.82,2.69,0.53,30.36,4.03,"Osaka, Japan",ENABLON
6,2,Scope 1 & 2,2025,4.41,15.6,26.94,7.14,2.54,2.27,1.47,30.67,10.58,"Osaka, Japan",ENABLON
7,3,Scope 1 & 2,2025,4.62,12.26,23.08,5.72,2.05,2.51,0.73,31.53,8.18,"Osaka, Japan",ENABLON
8,3,Scope 1 & 2,2025,4.1,18.95,30.17,7.67,2.21,2.09,1.13,37.71,14.1,"Osaka, Japan",ENABLON
9,3,Scope 1 & 2,2025,4.68,11.05,20.92,8.54,2.24,2.32,0.47,30.65,3.14,"Osaka, Japan",ENABLON
10,4,Scope 1 & 2,2025,3.82,10.03,19.01,6.57,2.26,2.03,0.52,37.39,4.33,"Osaka, Japan",ENABLON
11,4,Scope 1 & 2,2025,4.48,16.34,27.84,8.19,2.73,2.25,0.91,32.79,10.19,"Osaka, Japan",ENABLON
12,4,Scope 1 & 2,2025,3.69,14.4,24.68,6.82,2.43,2.27,0.65,39.06,9.47,"Osaka, Japan",ENABLON
1,1,Scope 1 & 2,2022,9.18,26.82,47.71,17.43,5.18,4.18,0.61,96.64,11.74,"Sydney, Australia",ENABLON
2,1,Scope 1 & 2,2022,8.79,36.27,61.21,14.17,5.8,4.82,2.53,94.4,27.63,"Sydney, Australia",ENABLON
3,1,Scope 1 & 2,2022,7.93,35.11,58.14,15.15,4.7,5.41,2.62,98.7,24.95,"Sydney, Australia",ENABLON
4,2,Scope 1 & 2,2022,7.92,45.77,71.58,12.71,5.05,4.57,3.04,116.73,41.33,"Sydney, Australia",ENABLON
5,2,Scope 1 & 2,2022,8.08,43.99,68.62,14.81,4.59,4.67,4.39,134.86,36.47,"Sydney, Australia",ENABLON
6,2,Scope 1 & 2,2022,6.83,54.74,80.3,15.65,4.15,4.81,7.25,123.68,48.86,"Sydney, Australia",ENABLON
7,3,Scope 1 & 2,2022,8.98,30.38,54.31,12.09,5.6,4.78,2.84,94.57,22.86,"Sydney, Australia",ENABLON
8,3,Scope 1 & 2,2022,9.56,25.02,46.46,15.32,5.42,4.03,1.02,104.71,12.13,"Sydney, Australia",ENABLON
9,3,Scope 1 & 2,2022,8.98,37.02,61.18,14.61,4.79,4.79,4.09,123.79,28.01,"Sydney, Australia",ENABLON
10,4,Scope 1 & 2,2022,9.04,43.52,70.59,11.84,5.67,4.44,4.21,124.5,39.6,"Sydney, Australia",ENABLON
11,4,Scope 1 & 2,2022,6.66,49.73,74.44,12.61,3.98,4.79,5.22,135.41,46.4,"Sydney, Australia",ENABLON
12,4,Scope 1 & 2,2022,7.39,26.11,45.95,14.57,5.53,4.04,1.13,103.14,14.42,"Sydney, Australia",ENABLON
1,1,Scope 1 & 2,2023,8.49,23.85,42.95,11.3,3.88,3.59,1.49,107.97,15.69,"Sydney, Australia",ENABLON
2,1,Scope 1 & 2,2023,8.35,47.91,73.08,14.45,4.43,4.03,3.52,116.62,41.82,"Sydney, Australia",ENABLON
3,1,Scope 1 & 2,2023,6.2,48.81,70.96,15.7,3.84,3.83,5.26,103.98,41.39,"Sydney, Australia",ENABLON
4,2,Scope 1 & 2,2023,6.65,32.65,52.23,14.11,3.94,4.35,2.65,113.91,23.18,"Sydney, Australia",ENABLON
5,2,Scope 1 & 2,2023,8.19,36.44,58.89,11.6,4.28,3.77,3.89,95.87,31.05,"Sydney, Australia",ENABLON
6,2,Scope 1 & 2,2023,7.53,40.3,62.93,14.48,4.41,4.24,1.65,89.36,32.27,"Sydney, Australia",ENABLON
7,3,Scope 1 & 2,2023,8.7,24.37,45.23,14.33,5.28,4.37,1.78,111.77,12.55,"Sydney, Australia",ENABLON
8,3,Scope 1 & 2,2023,7.84,32.11,55.19,13.01,5.2,5.27,1.83,119.08,23.87,"Sydney, Australia",ENABLON
9,3,Scope 1 & 2,2023,6.24,42.13,65.39,12.79,4.95,4.73,3.99,114.52,36.68,"Sydney, Australia",ENABLON
10,4,Scope 1 & 2,2023,6.52,40.01,61.0,14.39,3.89,4.17,4.27,106.13,32.03,"Sydney, Australia",ENABLON
11,4,Scope 1 & 2,2023,5.98,24.94,42.44,11.26,4.36,3.74,1.19,92.46,17.1,"Sydney, Australia",ENABLON
12,4,Scope 1 & 2,2023,6.01,52.11,75.69,15.72,4.74,3.73,5.18,118.12,45.49,"Sydney, Australia",ENABLON
1,1,Scope 1 & 2,2024,7.35,43.85,65.6,13.95,3.47,3.45,3.98,101.04,37.38,"Sydney, Australia",ENABLON
2,1,Scope 1 & 2,2024,8.05,41.76,65.35,13.17,3.67,4.72,4.07,93.83,35.74,"Sydney, Australia",ENABLON
3,1,Scope 1 & 2,2024,7.93,28.47,48.99,11.86,4.73,3.71,1.37,105.36,20.76,"Sydney, Australia",ENABLON
4,2,Scope 1 & 2,2024,5.63,35.88,55.89,11.64,3.8,4.52,2.32,78.36,30.3,"Sydney, Australia",ENABLON
5,2,Scope 1 & 2,2024,6.62,30.73,49.76,14.31,4.25,4.06,1.32,82.86,20.52,"Sydney, Australia",ENABLON
6,2,Scope 1 & 2,2024,7.51,23.73,42.3,12.91,4.74,3.61,0.78,103.28,13.53,"Sydney, Australia",ENABLON
7,3,Scope 1 & 2,2024,6.98,31.05,51.18,11.95,4.72,3.66,3.42,81.73,23.87,"Sydney, Australia",ENABLON
8,3,Scope 1 & 2,2024,7.23,33.13,53.77,13.19,4.73,3.69,3.59,97.93,24.93,"Sydney, Australia",ENABLON
9,3,Scope 1 & 2,2024,6.76,36.1,56.91,13.89,4.53,3.97,1.4,105.95,27.76,"Sydney, Australia",ENABLON
10,4,Scope 1 & 2,2024,8.02,30.66,52.09,12.12,4.18,4.59,2.74,111.64,23.18,"Sydney, Australia",ENABLON
11,4,Scope 1 & 2,2024,6.51,44.39,66.08,14.45,3.4,4.29,2.17,96.41,37.43,"Sydney, Australia",ENABLON
12,4,Scope 1 & 2,2024,6.67,26.29,44.34,12.93,3.54,4.5,1.15,77.57,16.7,"Sydney, Australia",ENABLON
1,1,Scope 1 & 2,2025,6.62,28.27,46.8,11.63,3.48,4.27,2.57,71.75,20.8,"Sydney, Australia",ENABLON
2,1,Scope 1 & 2,2025,5.25,20.16,34.5,12.02,3.82,3.23,1.06,85.66,10.18,"Sydney, Australia",ENABLON
3,1,Scope 1 & 2,2025,5.67,21.7,37.0,12.53,3.61,3.73,0.64,103.1,11.46,"Sydney, Australia",ENABLON
4,2,Scope 1 & 2,2025,6.84,26.8,45.15,9.36,4.14,3.01,2.57,91.79,21.8,"Sydney, Australia",ENABLON
5,2,Scope 1 & 2,2025,7.06,19.39,35.93,11.4,4.31,3.17,1.15,70.1,9.99,"Sydney, Australia",ENABLON
6,2,Scope 1 & 2,2025,6.07,17.94,34.51,9.04,3.98,4.3,0.61,73.32,11.12,"Sydney, Australia",ENABLON
7,3,Scope 1 & 2,2025,5.67,35.49,54.64,10.86,3.2,4.12,1.87,89.17,30.79,"Sydney, Australia",ENABLON
8,3,Scope 1 & 2,2025,6.13,32.75,52.87,9.81,4.13,4.12,4.25,83.5,28.68,"Sydney, Australia",ENABLON
9,3,Scope 1 & 2,2025,6.58,33.8,52.75,13.15,3.79,3.42,3.34,73.55,25.81,"Sydney, Australia",ENABLON
10,4,Scope 1 & 2,2025,6.79,23.56,40.6,10.32,3.12,3.82,1.98,73.69,16.55,"Sydney, Australia",ENABLON
11,4,Scope 1 & 2,2025,6.27,33.41,51.4,12.93,3.01,3.59,2.85,72.27,25.6,"Sydney, Australia",ENABLON
12,4,Scope 1 & 2,2025,6.82,18.6,33.25,10.99,2.96,2.97,1.1,75.0,9.51,"Sydney, Australia",ENABLON
1,1,Scope 1 & 2,2022,15.42,41.25,76.73,26.61,7.27,9.13,1.67,71.23,18.3,"Sodertalje, Sweden",ENABLON
2,1,Scope 1 & 2,2022,16.13,40.92,78.03,20.14,7.18,8.6,2.93,67.46,25.98,"Sodertalje, Sweden",ENABLON
3,1,Scope 1 & 2,2022,15.28,31.65,65.0,19.81,7.37,7.74,0.88,57.14,14.8,"Sodertalje, Sweden",ENABLON
4,2,Scope 1 & 2,2022,12.97,42.91,76.74,25.1,7.31,9.1,1.73,74.75,22.26,"Sodertalje, Sweden",ENABLON
5,2,Scope 1 & 2,2022,12.05,34.71,67.79,26.54,9.78,9.21,1.19,66.77,10.21,"Sodertalje, Sweden",ENABLON
6,2,Scope 1 & 2,2022,11.22,39.8,72.05,22.59,8.02,8.71,2.71,62.99,21.51,"Sodertalje, Sweden",ENABLON
7,3,Scope 1 & 2,2022,11.22,43.67,74.78,28.91,7.17,9.03,1.14,75.16,18.45,"Sodertalje, Sweden",ENABLON
8,3,Scope 1 & 2,2022,15.9,40.01,76.14,25.63,7.66,8.97,1.48,59.33,17.98,"Sodertalje, Sweden",ENABLON
9,3,Scope 1 & 2,2022,15.26,33.92,69.15,20.74,9.02,7.66,1.19,77.44,16.47,"Sodertalje, Sweden",ENABLON
10,4,Scope 1 & 2,2022,13.57,43.52,76.09,28.57,7.07,8.19,1.66,79.01,18.69,"Sodertalje, Sweden",ENABLON
11,4,Scope 1 & 2,2022,11.73,32.58,64.71,26.01,9.8,8.96,0.98,59.42,8.21,"Sodertalje, Sweden",ENABLON
12,4,Scope 1 & 2,2022,11.31,37.71,66.54,28.19,8.1,7.04,1.65,58.59,11.9,"Sodertalje, Sweden",ENABLON
1,1,Scope 1 & 2,2023,13.15,40.85,74.59,23.99,7.92,8.46,2.85,53.87,21.07,"Sodertalje, Sweden",ENABLON
2,1,Scope 1 & 2,2023,10.54,40.71,73.51,22.64,9.08,8.66,1.76,64.34,22.59,"Sodertalje, Sweden",ENABLON
3,1,Scope 1 & 2,2023,13.79,39.26,73.1,20.43,7.05,8.29,2.57,64.04,23.54,"Sodertalje, Sweden",ENABLON
4,2,Scope 1 & 2,2023,10.86,28.01,58.14,18.23,9.03,7.8,1.55,50.65,12.22,"Sodertalje, Sweden",ENABLON
5,2,Scope 1 & 2,2023,10.27,35.75,65.47,22.54,8.48,7.67,1.22,70.04,16.51,"Sodertalje, Sweden",ENABLON
6,2,Scope 1 & 2,2023,12.93,32.83,62.8,24.84,8.94,6.1,1.15,52.95,9.99,"Sodertalje, Sweden",ENABLON
7,3,Scope 1 & 2,2023,10.56,39.36,70.23,20.96,8.19,7.52,1.21,70.95,23.0,"Sodertalje, Sweden",ENABLON
8,3,Scope 1 & 2,2023,12.4,37.84,68.85,26.14,7.29,8.4,1.41,69.26,14.62,"Sodertalje, Sweden",ENABLON
9,3,Scope 1 & 2,2023,13.3,23.92,55.93,18.83,8.77,8.67,0.59,57.92,6.36,"Sodertalje, Sweden",ENABLON
10,4,Scope 1 & 2,2023,11.47,30.0,60.59,23.12,8.47,8.93,1.19,69.21,8.6,"Sodertalje, Sweden",ENABLON
11,4,Scope 1 & 2,2023,13.82,34.43,64.5,26.78,8.11,6.23,0.83,71.69,9.56,"Sodertalje, Sweden",ENABLON
12,4,Scope 1 & 2,2023,13.23,32.62,63.99,19.78,7.76,7.17,1.13,51.31,16.05,"Sodertalje, Sweden",ENABLON
1,1,Scope 1 & 2,2024,13.75,32.16,62.62,17.55,6.86,6.2,2.66,66.62,18.26,"Sodertalje, Sweden",ENABLON
2,1,Scope 1 & 2,2024,10.19,30.98,58.41,18.48,6.51,7.6,1.21,51.39,15.63,"Sodertalje, Sweden",ENABLON
3,1,Scope 1 & 2,2024,9.52,32.69,58.7,20.64,6.99,6.49,1.77,48.11,15.06,"Sodertalje, Sweden",ENABLON
4,2,Scope 1 & 2,2024,11.68,40.06,70.4,21.76,7.75,6.34,3.3,66.76,22.87,"Sodertalje, Sweden",ENABLON
5,2,Scope 1 & 2,2024,9.53,30.21,55.95,20.41,5.76,8.0,1.78,65.69,12.25,"Sodertalje, Sweden",ENABLON
6,2,Scope 1 & 2,2024,9.73,35.75,62.03,22.39,6.91,6.3,1.88,65.17,16.7,"Sodertalje, Sweden",ENABLON
7,3,Scope 1 & 2,2024,10.58,31.02,58.2,21.1,5.9,8.22,1.42,53.19,12.4,"Sodertalje, Sweden",ENABLON
8,3,Scope 1 & 2,2024,10.57,39.52,65.9,23.84,6.18,5.71,1.79,66.81,19.6,"Sodertalje, Sweden",ENABLON
9,3,Scope 1 & 2,2024,10.81,36.55,66.17,19.31,7.18,7.32,2.04,61.13,21.55,"Sodertalje, Sweden",ENABLON
10,4,Scope 1 & 2,2024,10.63,33.22,58.27,23.16,6.01,5.9,1.85,51.23,12.57,"Sodertalje, Sweden",ENABLON
11,4,Scope 1 & 2,2024,12.78,34.36,63.31,19.54,6.8,5.67,2.24,49.1,18.52,"Sodertalje, Sweden",ENABLON
12,4,Scope 1 & 2,2024,10.54,30.63,58.62,23.57,7.45,8.23,0.65,60.44,8.83,"Sodertalje, Sweden",ENABLON
1,1,Scope 1 & 2,2025,8.52,25.6,47.99,15.97,5.66,5.8,0.64,44.8,12.04,"Sodertalje, Sweden",ENABLON
2,1,Scope 1 & 2,2025,9.67,24.58,48.17,17.82,6.36,5.87,1.2,44.35,8.45,"Sodertalje, Sweden",ENABLON
3,1,Scope 1 & 2,2025,10.03,19.98,43.38,16.12,6.15,6.26,0.6,47.58,4.82,"Sodertalje, Sweden",ENABLON
4,2,Scope 1 & 2,2025,12.42,34.72,62.77,20.32,6.19,5.84,2.67,46.96,18.0,"Sodertalje, Sweden",ENABLON
5,2,Scope 1 & 2,2025,10.74,31.56,58.03,19.27,7.28,5.38,1.89,50.08,15.36,"Sodertalje, Sweden",ENABLON
6,2,Scope 1 & 2,2025,12.1,33.04,59.75,19.16,5.78,5.36,1.64,49.25,17.35,"Sodertalje, Sweden",ENABLON
7,3,Scope 1 & 2,2025,8.73,33.72,57.54,19.84,6.47,5.15,1.35,45.57,17.35,"Sodertalje, Sweden",ENABLON
8,3,Scope 1 & 2,2025,8.44,27.05,50.71,18.37,6.69,6.36,0.75,42.81,10.85,"Sodertalje, Sweden",ENABLON
9,3,Scope 1 & 2,2025,9.67,27.7,52.57,22.11,7.28,6.52,0.95,48.42,6.99,"Sodertalje, Sweden",ENABLON
10,4,Scope 1 & 2,2025,9.89,34.86,61.0,17.16,5.89,5.94,1.3,61.06,22.12,"Sodertalje, Sweden",ENABLON
11,4,Scope 1 & 2,2025,11.38,35.31,63.04,22.48,7.02,6.12,2.36,46.93,16.04,"Sodertalje, Sweden",ENABLON
12,4,Scope 1 & 2,2025,10.12,21.62,46.86,16.07,6.48,7.25,0.68,42.78,6.94,"Sodertalje, Sweden",ENABLON
1,1,Scope 1 & 2,2022,11.17,61.1,97.21,26.81,6.77,9.6,3.92,114.5,42.86,"Newark, USA",ENABLON
2,1,Scope 1 & 2,2022,13.81,44.63,78.62,26.8,6.93,8.79,2.35,103.88,22.29,"Newark, USA",ENABLON
3,1,Scope 1 & 2,2022,11.04,50.83,84.31,27.57,7.47,9.16,1.53,121.61,29.07,"Newark, USA",ENABLON
4,2,Scope 1 & 2,2022,10.82,56.58,90.89,28.75,9.19,7.34,4.85,117.49,34.79,"Newark, USA",ENABLON
5,2,Scope 1 & 2,2022,13.06,40.9,73.01,26.14,7.28,8.08,2.76,100.71,18.45,"Newark, USA",ENABLON
6,2,Scope 1 & 2,2022,11.17,56.56,92.81,25.11,8.32,8.9,3.84,136.3,39.31,"Newark, USA",ENABLON
7,3,Scope 1 & 2,2022,14.56,40.54,74.35,24.44,8.35,6.87,1.12,135.2,20.13,"Newark, USA",ENABLON
8,3,Scope 1 & 2,2022,12.54,40.28,74.04,20.77,7.01,9.33,3.44,107.99,24.39,"Newark, USA",ENABLON
9,3,Scope 1 & 2,2022,12.73,56.14,93.69,24.61,9.52,7.42,2.69,119.46,39.41,"Newark, USA",ENABLON
10,4,Scope 1 & 2,2022,11.32,57.57,95.33,24.74,9.31,8.92,3.29,134.33,41.04,"Newark, USA",ENABLON
11,4,Scope 1 & 2,2022,14.51,31.54,65.93,20.39,8.37,8.72,1.42,134.16,13.94,"Newark, USA",ENABLON
12,4,Scope 1 & 2,2022,12.82,34.46,67.7,22.76,9.44,8.06,1.05,99.9,14.62,"Newark, USA",ENABLON
1,1,Scope 1 & 2,2023,10.88,46.33,80.03,23.39,8.45,8.64,3.01,110.42,28.67,"Newark, USA",ENABLON
2,1,Scope 1 & 2,2023,13.7,59.19,94.68,22.02,6.19,6.31,4.55,123.23,46.46,"Newark, USA",ENABLON
3,1,Scope 1 & 2,2023,11.49,55.11,89.74,25.21,8.62,7.05,3.15,113.56,37.37,"Newark, USA",ENABLON
4,2,Scope 1 & 2,2023,13.47,39.45,69.16,25.19,6.63,6.05,1.29,124.89,17.82,"Newark, USA",ENABLON
5,2,Scope 1 & 2,2023,10.57,30.61,58.56,18.6,8.03,6.35,1.91,121.71,15.01,"Newark, USA",ENABLON
6,2,Scope 1 & 2,2023,13.71,29.21,59.93,18.86,8.33,6.09,0.8,109.88,12.94,"Newark, USA",ENABLON
7,3,Scope 1 & 2,2023,11.2,60.46,95.19,23.87,8.22,6.16,3.23,121.64,45.74,"Newark, USA",ENABLON
8,3,Scope 1 & 2,2023,14.42,59.11,95.81,21.04,6.24,6.52,6.89,124.41,47.59,"Newark, USA",ENABLON
9,3,Scope 1 & 2,2023,11.67,43.64,75.2,22.38,8.14,6.44,1.59,98.01,26.57,"Newark, USA",ENABLON
10,4,Scope 1 & 2,2023,12.82,49.41,82.17,19.84,6.54,6.01,3.83,99.76,36.96,"Newark, USA",ENABLON
11,4,Scope 1 & 2,2023,14.78,39.69,73.17,19.81,7.47,6.26,2.71,118.38,24.85,"Newark, USA",ENABLON
12,4,Scope 1 & 2,2023,12.13,33.19,64.58,19.52,7.02,8.82,1.24,104.03,17.09,"Newark, USA",ENABLON
1,1,Scope 1 & 2,2024,9.59,39.77,68.84,17.35,5.75,8.13,3.38,85.26,28.02,"Newark, USA",ENABLON
2,1,Scope 1 & 2,2024,11.61,39.44,67.48,19.02,5.76,5.56,2.07,91.15,25.53,"Newark, USA",ENABLON
3,1,Scope 1 & 2,2024,13.51,35.15,65.13,20.87,6.24,6.66,1.02,113.97,17.85,"Newark, USA",ENABLON
4,2,Scope 1 & 2,2024,12.9,45.59,77.1,21.89,5.94,6.74,1.79,119.7,29.63,"Newark, USA",ENABLON
5,2,Scope 1 & 2,2024,11.07,38.29,67.75,17.04,5.84,7.24,1.6,95.82,26.56,"Newark, USA",ENABLON
6,2,Scope 1 & 2,2024,13.28,37.67,72.36,16.87,8.1,8.11,3.88,93.35,26.0,"Newark, USA",ENABLON
7,3,Scope 1 & 2,2024,9.64,46.06,75.59,22.27,6.21,7.73,2.3,108.31,29.74,"Newark, USA",ENABLON
8,3,Scope 1 & 2,2024,12.66,38.01,69.21,19.61,6.74,7.2,2.26,103.91,23.0,"Newark, USA",ENABLON
9,3,Scope 1 & 2,2024,10.34,40.23,69.99,17.22,6.13,7.54,1.83,99.68,28.76,"Newark, USA",ENABLON
10,4,Scope 1 & 2,2024,9.53,37.28,64.79,16.9,7.29,5.59,3.0,118.63,25.48,"Newark, USA",ENABLON
11,4,Scope 1 & 2,2024,9.77,46.15,75.97,17.13,5.66,7.14,4.69,109.83,36.27,"Newark, USA",ENABLON
12,4,Scope 1 & 2,2024,10.0,47.13,77.24,20.35,6.16,7.25,3.5,93.55,33.48,"Newark, USA",ENABLON
1,1,Scope 1 & 2,2025,12.13,31.35,59.02,17.97,7.18,5.01,1.47,86.08,16.73,"Newark, USA",ENABLON
2,1,Scope 1 & 2,2025,10.1,39.64,66.99,18.9,7.05,5.01,2.57,83.17,25.93,"Newark, USA",ENABLON
3,1,Scope 1 & 2,2025,8.77,41.42,67.84,18.39,5.2,6.69,3.41,96.61,28.79,"Newark, USA",ENABLON
4,2,Scope 1 & 2,2025,10.56,38.26,65.39,21.1,6.18,6.1,3.16,86.36,21.45,"Newark, USA",ENABLON
5,2,Scope 1 & 2,2025,10.75,28.67,52.6,22.01,5.72,5.8,1.11,73.25,8.32,"Newark, USA",ENABLON
6,2,Scope 1 & 2,2025,9.65,23.72,49.43,14.98,7.12,6.76,0.92,84.55,10.92,"Newark, USA",ENABLON
7,3,Scope 1 & 2,2025,9.68,40.92,67.24,19.67,5.54,5.79,3.75,95.63,26.56,"Newark, USA",ENABLON
8,3,Scope 1 & 2,2025,8.48,33.3,56.44,17.28,4.98,5.68,2.73,84.01,20.02,"Newark, USA",ENABLON
9,3,Scope 1 & 2,2025,10.55,46.34,78.08,16.76,6.64,7.15,3.25,93.46,36.98,"Newark, USA",ENABLON
10,4,Scope 1 & 2,2025,9.82,36.28,61.49,20.76,5.17,6.34,1.95,96.61,19.4,"Newark, USA",ENABLON
11,4,Scope 1 & 2,2025,11.36,36.86,64.19,19.33,5.82,5.77,2.95,87.97,21.91,"Newark, USA",ENABLON
12,4,Scope 1 & 2,2025,11.45,42.35,72.34,18.75,5.64,7.0,2.66,73.95,29.5,"Newark, USA",ENABLON
1,1,Scope 1 & 2,2022,5.26,31.3,49.83,9.49,3.53,4.29,2.66,80.09,27.26,"Milan, Italy",ENABLON
2,1,Scope 1 & 2,2022,5.56,31.99,50.24,12.01,3.48,4.22,2.6,108.64,24.97,"Milan, Italy",ENABLON
3,1,Scope 1 & 2,2022,5.54,25.1,41.27,11.89,3.7,3.63,0.86,107.07,16.51,"Milan, Italy",ENABLON
4,2,Scope 1 & 2,2022,6.8,41.29,63.16,11.67,3.34,4.32,3.58,114.76,37.03,"Milan, Italy",ENABLON
5,2,Scope 1 & 2,2022,7.39,32.19,52.67,11.84,4.18,3.82,2.87,94.29,25.44,"Milan, Italy",ENABLON
6,2,Scope 1 & 2,2022,6.35,25.55,42.68,9.73,3.25,3.57,1.85,104.04,19.78,"Milan, Italy",ENABLON
7,3,Scope 1 & 2,2022,5.83,35.3,55.22,9.35,3.33,4.27,3.72,93.47,32.44,"Milan, Italy",ENABLON
8,3,Scope 1 & 2,2022,5.68,22.7,38.45,10.9,3.19,3.93,1.96,84.92,14.75,"Milan, Italy",ENABLON
9,3,Scope 1 & 2,2022,6.2,20.36,36.76,11.03,4.0,3.87,0.74,78.92,11.66,"Milan, Italy",ENABLON
10,4,Scope 1 & 2,2022,5.68,46.45,68.25,12.04,3.29,4.23,4.24,110.52,43.01,"Milan, Italy",ENABLON
11,4,Scope 1 & 2,2022,5.08,42.34,63.89,9.44,3.93,4.32,3.73,111.09,41.12,"Milan, Italy",ENABLON
12,4,Scope 1 & 2,2022,5.95,21.48,38.88,9.47,4.44,4.01,0.92,105.55,15.01,"Milan, Italy",ENABLON
1,1,Scope 1 & 2,2023,6.33,42.43,64.74,10.51,3.93,4.07,3.0,105.14,39.9,"Milan, Italy",ENABLON
2,1,Scope 1 & 2,2023,6.68,27.13,45.39,8.84,3.9,3.11,2.03,83.03,22.86,"Milan, Italy",ENABLON
3,1,Scope 1 & 2,2023,6.36,34.35,52.86,10.1,2.98,3.11,2.85,77.53,30.31,"Milan, Italy",ENABLON
4,2,Scope 1 & 2,2023,5.22,26.77,42.99,10.38,3.3,3.6,1.89,105.11,20.49,"Milan, Italy",ENABLON
5,2,Scope 1 & 2,2023,6.21,33.21,52.92,12.0,4.08,4.12,3.5,84.23,26.51,"Milan, Italy",ENABLON
6,2,Scope 1 & 2,2023,4.68,39.88,59.88,10.86,3.95,4.12,4.32,94.89,36.27,"Milan, Italy",ENABLON
7,3,Scope 1 & 2,2023,6.46,28.26,45.44,10.64,3.21,3.11,2.89,105.45,22.02,"Milan, Italy",ENABLON
8,3,Scope 1 & 2,2023,4.91,29.99,46.72,11.91,3.32,3.98,3.34,103.72,22.6,"Milan, Italy",ENABLON
9,3,Scope 1 & 2,2023,5.22,34.9,51.91,11.76,3.11,2.9,4.09,78.79,28.92,"Milan, Italy",ENABLON
10,4,Scope 1 & 2,2023,6.09,32.41,51.06,11.53,3.34,4.0,3.45,72.5,26.1,"Milan, Italy",ENABLON
11,4,Scope 1 & 2,2023,6.81,38.19,59.41,10.06,3.95,3.43,4.64,96.86,35.16,"Milan, Italy",ENABLON
12,4,Scope 1 & 2,2023,6.54,35.97,55.91,10.44,3.27,3.75,3.95,92.75,31.91,"Milan, Italy",ENABLON
1,1,Scope 1 & 2,2024,5.19,30.91,47.79,7.81,3.35,2.57,1.84,85.6,28.87,"Milan, Italy",ENABLON
2,1,Scope 1 & 2,2024,5.07,23.12,37.74,8.8,2.64,3.33,2.63,70.23,17.9,"Milan, Italy",ENABLON
3,1,Scope 1 & 2,2024,5.98,25.07,41.52,10.83,3.41,3.5,1.74,90.89,17.8,"Milan, Italy",ENABLON
4,2,Scope 1 & 2,2024,5.78,21.86,37.01,10.23,3.59,2.87,1.33,91.11,14.54,"Milan, Italy",ENABLON
5,2,Scope 1 & 2,2024,4.61,33.46,50.95,11.2,3.66,3.65,3.96,72.4,27.83,"Milan, Italy",ENABLON
6,2,Scope 1 & 2,2024,5.6,28.82,45.96,11.06,3.77,3.33,1.48,71.54,22.2,"Milan, Italy",ENABLON
7,3,Scope 1 & 2,2024,5.08,32.28,49.01,8.6,2.65,3.08,1.83,77.06,29.6,"Milan, Italy",ENABLON
8,3,Scope 1 & 2,2024,5.75,20.54,34.85,11.11,3.11,3.09,1.43,87.01,11.79,"Milan, Italy",ENABLON
9,3,Scope 1 & 2,2024,4.63,19.62,33.04,10.59,2.9,3.63,1.53,81.17,11.29,"Milan, Italy",ENABLON
10,4,Scope 1 & 2,2024,5.5,22.71,38.91,8.69,3.4,3.8,1.13,78.7,17.52,"Milan, Italy",ENABLON
11,4,Scope 1 & 2,2024,4.84,28.79,44.9,9.96,3.69,2.87,2.26,77.12,23.54,"Milan, Italy",ENABLON
12,4,Scope 1 & 2,2024,4.25,30.81,46.68,8.84,3.42,2.71,3.32,87.44,27.46,"Milan, Italy",ENABLON
1,1,Scope 1 & 2,2025,5.23,16.58,29.1,7.21,2.36,2.59,1.65,68.69,11.71,"Milan, Italy",ENABLON
2,1,Scope 1 & 2,2025,5.73,17.57,31.49,10.21,2.98,3.37,0.69,80.92,9.2,"Milan, Italy",ENABLON
3,1,Scope 1 & 2,2025,5.01,26.97,42.02,8.24,2.72,2.64,2.53,87.4,23.41,"Milan, Italy",ENABLON
4,2,Scope 1 & 2,2025,4.32,19.89,32.83,10.09,3.3,2.87,1.26,62.78,12.25,"Milan, Italy",ENABLON
5,2,Scope 1 & 2,2025,4.1,30.74,45.64,7.04,2.44,2.43,3.7,84.56,29.63,"Milan, Italy",ENABLON
6,2,Scope 1 & 2,2025,5.6,21.56,35.69,9.9,3.0,2.62,1.18,81.32,14.57,"Milan, Italy",ENABLON
7,3,Scope 1 & 2,2025,5.53,28.34,44.21,10.31,3.17,2.66,2.61,63.34,22.54,"Milan, Italy",ENABLON
8,3,Scope 1 & 2,2025,5.35,15.94,28.35,7.4,2.56,2.36,1.29,59.95,10.68,"Milan, Italy",ENABLON
9,3,Scope 1 & 2,2025,4.66,27.44,42.22,10.08,2.34,3.44,2.14,69.39,21.7,"Milan, Italy",ENABLON
10,4,Scope 1 & 2,2025,4.77,27.65,42.57,9.87,2.44,3.27,1.51,61.65,22.22,"Milan, Italy",ENABLON
11,4,Scope 1 & 2,2025,4.15,24.57,39.11,7.82,3.32,2.88,3.08,76.14,20.94,"Milan, Italy",ENABLON
12,4,Scope 1 & 2,2025,4.83,28.08,43.18,8.32,2.38,2.95,3.43,81.51,24.7,"Milan, Italy",ENABLON
